"countyId","city","zip_code"
"1","Budapest","1069"
"1","Budapest","1011"
"1","Budapest","1012"
"1","Budapest","1013"
"1","Budapest","1014"
"1","Budapest","1015"
"1","Budapest","1016"
"1","Budapest","1021"
"1","Budapest","1022"
"1","Budapest","1023"
"1","Budapest","1024"
"1","Budapest","1025"
"1","Budapest","1026"
"1","Budapest","1027"
"1","Budapest","1028"
"1","Budapest","1029"
"1","Budapest","1031"
"1","Budapest","1032"
"1","Budapest","1033"
"1","Budapest","1034"
"1","Budapest","1035"
"1","Budapest","1036"
"1","Budapest","1037"
"1","Budapest","1038"
"1","Budapest","1039"
"1","Budapest","1041"
"1","Budapest","1042"
"1","Budapest","1043"
"1","Budapest","1044"
"1","Budapest","1045"
"1","Budapest","1046"
"1","Budapest","1047"
"1","Budapest","1048"
"1","Budapest","1051"
"1","Budapest","1052"
"1","Budapest","1053"
"1","Budapest","1054"
"1","Budapest","1055"
"1","Budapest","1056"
"1","Budapest","1061"
"1","Budapest","1062"
"1","Budapest","1063"
"1","Budapest","1064"
"1","Budapest","1065"
"1","Budapest","1066"
"1","Budapest","1067"
"1","Budapest","1068"
"1","Budapest","1071"
"1","Budapest","1072"
"1","Budapest","1073"
"1","Budapest","1074"
"1","Budapest","1075"
"1","Budapest","1076"
"1","Budapest","1077"
"1","Budapest","1078"
"1","Budapest","1081"
"1","Budapest","1082"
"1","Budapest","1083"
"1","Budapest","1084"
"1","Budapest","1085"
"1","Budapest","1086"
"1","Budapest","1087"
"1","Budapest","1088"
"1","Budapest","1089"
"1","Budapest","1091"
"1","Budapest","1092"
"1","Budapest","1093"
"1","Budapest","1094"
"1","Budapest","1095"
"1","Budapest","1096"
"1","Budapest","1097"
"1","Budapest","1098"
"1","Budapest","1101"
"1","Budapest","1102"
"1","Budapest","1103"
"1","Budapest","1104"
"1","Budapest","1105"
"1","Budapest","1106"
"1","Budapest","1107"
"1","Budapest","1108"
"1","Budapest","1111"
"1","Budapest","1112"
"1","Budapest","1113"
"1","Budapest","1114"
"1","Budapest","1115"
"1","Budapest","1116"
"1","Budapest","1117"
"1","Budapest","1118"
"1","Budapest","1119"
"1","Budapest","1121"
"1","Budapest","1122"
"1","Budapest","1123"
"1","Budapest","1124"
"1","Budapest","1125"
"1","Budapest","1126"
"1","Budapest","1131"
"1","Budapest","1132"
"1","Budapest","1133"
"1","Budapest","1134"
"1","Budapest","1135"
"1","Budapest","1136"
"1","Budapest","1137"
"1","Budapest","1138"
"1","Budapest","1139"
"1","Budapest","1141"
"1","Budapest","1142"
"1","Budapest","1143"
"1","Budapest","1144"
"1","Budapest","1145"
"1","Budapest","1146"
"1","Budapest","1147"
"1","Budapest","1148"
"1","Budapest","1149"
"1","Budapest","1151"
"1","Budapest","1152"
"1","Budapest","1153"
"1","Budapest","1154"
"1","Budapest","1155"
"1","Budapest","1156"
"1","Budapest","1157"
"1","Budapest","1158"
"1","Budapest","1161"
"1","Budapest","1162"
"1","Budapest","1163"
"1","Budapest","1164"
"1","Budapest","1165"
"1","Budapest","1171"
"1","Budapest","1172"
"1","Budapest","1173"
"1","Budapest","1174"
"1","Budapest","1181"
"1","Budapest","1182"
"1","Budapest","1183"
"1","Budapest","1184"
"1","Budapest","1185"
"1","Budapest","1186"
"1","Budapest","1188"
"1","Budapest","1191"
"1","Budapest","1192"
"1","Budapest","1193"
"1","Budapest","1194"
"1","Budapest","1195"
"1","Budapest","1196"
"1","Budapest","1201"
"1","Budapest","1202"
"1","Budapest","1203"
"1","Budapest","1204"
"1","Budapest","1205"
"1","Budapest","1211"
"1","Budapest","1212"
"1","Budapest","1213"
"1","Budapest","1214"
"1","Budapest","1215"
"1","Budapest","1221"
"1","Budapest","1222"
"1","Budapest","1223"
"1","Budapest","1224"
"1","Budapest","1225"
"1","Budapest","1237"
"1","Budapest","1238"
"1","Budapest","1239"
"1","Budapest","1529"
"2","Ágasegyháza","6076"
"2","Akasztó","6221"
"2","Apostag","6088"
"2","Bácsalmás","6430"
"2","Bácsbokod","6453"
"2","Bácsborsód","6454"
"2","Bácsszentgyörgy","6511"
"2","Bácsszőlős","6425"
"2","Baja","6503"
"2","Baja","6500"
"2","Ballószög","6035"
"2","Balotaszállás","6412"
"2","Bátmonostor","6528"
"2","Bátya","6351"
"2","Boconád","3368"
"2","Bóly","7754"
"2","Bugac","6114"
"2","Bugacpusztaháza","6114"
"2","Császártöltés","6239"
"2","Csátalja","6523"
"2","Csávoly","6448"
"2","Csengőd","6222"
"2","Csikéria","6424"
"2","Csököly","7526"
"2","Dávod","6524"
"2","Drágszél","6342"
"2","Dunaegyháza","6323"
"2","Dunafalva","6513"
"2","Dunapataj","6328"
"2","Dunaszentbenedek","6333"
"2","Dunatetétlen","6325"
"2","Dunavecse","6087"
"2","Dusnok","6353"
"2","Érsekcsanád","6347"
"2","Érsekhalma","6348"
"2","Fajsz","6352"
"2","Felsőlajos","6055"
"2","Felsőszentiván","6447"
"2","Foktő","6331"
"2","Fülöpjakab","6116"
"2","Fülöpszállás","6085"
"2","Fülpösdaróc","4754"
"2","Gara","6522"
"2","Gátér","6111"
"2","Géderlak","6334"
"2","Hajós","6344"
"2","Harkakötöny","6136"
"2","Harta","6327"
"2","Harta","6326"
"2","Helvécia","6034"
"2","Hercegszántó","6525"
"2","Homokkomárom","8777"
"2","Imrehegy","6238"
"2","Izsák","6070"
"2","Jakabszállás","6078"
"2","Jánoshalma","6440"
"2","Jászszentlászló","6133"
"2","Kalocsa","6300"
"2","Kaskantyú","6211"
"2","Katymár","6455"
"2","Kecel","6237"
"2","Kecskemét","6044"
"2","Kecskemét","6008"
"2","Kecskemét","6000"
"2","Kelebia","6423"
"2","Kéleshalom","6444"
"2","Kerekegyháza","6041"
"2","Kiskorpád","7524"
"2","Kiskunfélegyháza","6100"
"2","Kiskunhalas","6400"
"2","Kiskunmajsa","6120"
"2","Kisszállás","6421"
"2","Körösszegapáti","4135"
"2","Kulcs","2458"
"2","Külsővat","9532"
"2","Kunadacs","6097"
"2","Kunbaja","6435"
"2","Kunfehértó","6413"
"2","Küngös","8162"
"2","Kunpeszér","6096"
"2","Ladánybene","6045"
"2","Lajosmizse","6050"
"2","Lakitelek","6065"
"2","Madaras","6456"
"2","Mátételke","6452"
"2","Mélykút","6449"
"2","Miske","6343"
"2","Mórahalom","6782"
"2","Nagybaracska","6527"
"2","Nemesnádudvar","6345"
"2","Nyárlőrinc","6032"
"2","Ónod","3551"
"2","őr","4336"
"2","Oszlár","3591"
"2","Páhi","6075"
"2","Pálmonostora","6112"
"2","Petőfiszállás","6113"
"2","Pirtó","6414"
"2","Rém","6446"
"2","Sokorópátka","9112"
"2","Solt","6320"
"2","Soltszentimre","6223"
"2","Sümeg","8330"
"2","Szabadszállás","6080"
"2","Szakmár","6336"
"2","Szalkszentmárton","6086"
"2","Szank","6131"
"2","Szentkirály","6031"
"2","Szeremle","6512"
"2","Tabdi","6224"
"2","Tass","6098"
"2","Tataháza","6451"
"2","Tázlár","6236"
"2","Tiszaalpár","6066"
"2","Tiszaalpár","6067"
"2","Tiszakécske","6062"
"2","Tiszakécske","6060"
"2","Tiszaug","6064"
"2","Töltéstava","9086"
"2","Újsolt","6320"
"2","Újtelek","6337"
"2","Úrkút","8409"
"2","Városföld","6033"
"2","Vaskút","6521"
"2","Zsana","6411"
"3","Abaliget","7678"
"3","Adorjás","7841"
"3","Ág","7381"
"3","Almamellék","7934"
"3","Almáskeresztúr","7932"
"3","Alsómocsolád","7345"
"3","Alsószentmárton","7826"
"3","Apátvarasd","7720"
"3","Aranyosgadány","7671"
"3","Áta","7763"
"3","Babarc","7757"
"3","Babarcszőlős","7814"
"3","Bakóca","7393"
"3","Bakonya","7675"
"3","Baksa","7834"
"3","Bánfa","7914"
"3","Bár","7711"
"3","Baranyahidvég","7841"
"3","Baranyajenő","7384"
"3","Baranyaszentgyörgy","7383"
"3","Basal","7923"
"3","Belvárdgyula","7747"
"3","Beremend","7827"
"3","Berkesd","7664"
"3","Besence","7838"
"3","Bezedek","7782"
"3","Bicsérd","7671"
"3","Bikal","7346"
"3","Birján","7747"
"3","Bisse","7811"
"3","Bocska","8776"
"3","Bodajk","8053"
"3","Bódvalenke","3768"
"3","Bódvarákó","3764"
"3","Bódvaszilas","3763"
"3","Bogyoszló","9324"
"3","Bokor","3066"
"3","Bolhó","7586"
"3","Borsfa","8885"
"3","Borsodgeszt","3426"
"3","Bükkszék","3335"
"3","Büssü","7273"
"3","Csányoszró","7964"
"3","Csarnóta","7811"
"3","Csebény","7935"
"3","Cserdi","7683"
"3","Cserkút","7673"
"3","Csertő","7900"
"3","Csombárd","7432"
"3","Cún","7843"
"3","Dencsháza","7915"
"3","Dinnyeberki","7683"
"3","Diósviszló","7817"
"3","Drávacsehi","7849"
"3","Drávacsepely","7846"
"3","Drávafok","7967"
"3","Drávaiványi","7960"
"3","Drávakeresztúr","7967"
"3","Drávapalkonya","7850"
"3","Drávapiski","7843"
"3","Drávaszabolcs","7851"
"3","Drávaszerdahely","7847"
"3","Drávasztára","7960"
"3","Dunaszekcső","7712"
"3","Egerág","7763"
"3","Egyházasharaszti","7824"
"3","Egyházaskozár","7347"
"3","Ellend","7744"
"3","Endrőc","7973"
"3","Erdősmárok","7735"
"3","Erdősmecske","7723"
"3","Erzsébet","7661"
"3","Fazekasboda","7732"
"3","Feked","7724"
"3","Felsőegerszeg","7370"
"3","Felsőszentmárton","7968"
"3","Garé","7812"
"3","Gerde","7951"
"3","Gerényes","7362"
"3","Geresdlak","7733"
"3","Gilvánfa","7954"
"3","Gógánfa","8346"
"3","Gömörszőlős","3728"
"3","Gönc","3895"
"3","Gordisa","7853"
"3","Görgeteg","7553"
"3","Gyód","7668"
"3","Gyöngyös","3221"
"3","Gyöngyösoroszi","3211"
"3","Harkány","7815"
"3","Hásságy","7745"
"3","Hegyhátmaróc","7348"
"3","Hegyszentmárton","7837"
"3","Helesfa","7683"
"3","Hetvehely","7681"
"3","Hidas","7696"
"3","Himesháza","7735"
"3","Hirics","7838"
"3","Hobol","7971"
"3","Homokszentgyörgy","7537"
"3","Hortobágy","4071"
"3","Horvátzsidány","9733"
"3","Husztót","7678"
"3","Ibafa","7935"
"3","Illocska","7775"
"3","Ipacsfa","7847"
"3","Ivánbattyán","7772"
"3","Ivándárda","7781"
"3","Kacsóta","7940"
"3","Kákics","7958"
"3","Kárász","7333"
"3","Kásád","7827"
"3","Katádfa","7914"
"3","Kátoly","7661"
"3","Kékesd","7661"
"3","Kémes","7843"
"3","Kemse","7839"
"3","Keszü","7668"
"3","Kétújfalu","7975"
"3","Királyegyháza","7953"
"3","Kisasszonyfa","7954"
"3","Kisbeszterce","7391"
"3","Kisbudmér","7756"
"3","Kisdér","7814"
"3","Kisdobsza","7985"
"3","Kishajmás","7391"
"3","Kisharsány","7800"
"3","Kisherend","7763"
"3","Kisjakabfalva","7773"
"3","Kiskassa","7766"
"3","Kislippó","7775"
"3","Kisnyárád","7759"
"3","Kisszentmárton","7841"
"3","Kistamási","7981"
"3","Kistapolca","7823"
"3","Kistótfalu","7768"
"3","Kisvaszar","7381"
"3","Kölked","7717"
"3","Kolontár","8468"
"3","Kömpöc","6134"
"3","Kondoros","5553"
"3","Kóny","9144"
"3","Koppányszántó","7094"
"3","Körmend","9909"
"3","Környe","2851"
"3","Kőröshegy","8617"
"3","Köveskál","8274"
"3","Kozárd","3053"
"3","Lánycsók","7759"
"3","Lapáncsa","7775"
"3","Liget","7331"
"3","Lippó","7781"
"3","Liptód","7757"
"3","Lórév","2309"
"3","Lőrinci","3021"
"3","Lúzsok","7838"
"3","Mágocs","7342"
"3","Magyarbóly","7775"
"3","Magyaregregy","7332"
"3","Magyarhertelend","7394"
"3","Magyarlukafa","7925"
"3","Magyarmecske","7954"
"3","Magyarsarlós","7761"
"3","Magyarszék","7396"
"3","Magyartelek","7954"
"3","Majs","7783"
"3","Mánfa","7304"
"3","Maráza","7733"
"3","Márfa","7817"
"3","Máriakéménd","7663"
"3","Markóc","7967"
"3","Marócsa","7960"
"3","Márok","7774"
"3","Martonfa","7720"
"3","Mátyásdomb","8134"
"3","Máza","7351"
"3","Mecseknádasd","7695"
"3","Mecsekpölöske","7300"
"3","Mekényes","7344"
"3","Merenye","7981"
"3","Meződ","7370"
"3","Mindszentgodisa","7391"
"3","Moha","8042"
"3","Mohács","7715"
"3","Mohács","7714"
"3","Molnaszecsőd","9912"
"3","Monoszló","8273"
"3","Mosonszolnok","9245"
"3","Nagybudmér","7756"
"3","Nagycsány","7838"
"3","Nagydobsza","7985"
"3","Nagyhajmás","7343"
"3","Nagyharsány","7822"
"3","Nagykőrös","2750"
"3","Nagynyárád","7784"
"3","Nagypall","7731"
"3","Nagypeterd","7912"
"3","Nagytőke","6612"
"3","Nagyváty","7912"
"3","Nemeske","7981"
"3","Nyugotszenterzsébet","7912"
"3","Óbánya","7695"
"3","Ócsa","2364"
"3","Ócsárd","7814"
"3","Óföldeák","6923"
"3","Óhid","8342"
"3","Okány","5534"
"3","Olaszfalu","8414"
"3","Ópusztaszer","6767"
"3","Orfő","7677"
"3","Orosztony","8744"
"3","Palé","7370"
"3","Palkonya","7771"
"3","Palotabozsok","7727"
"3","Páprád","7838"
"3","Patapoklosi","7923"
"3","Pécs","7693"
"3","Pécs","7691"
"3","Pécs","7600"
"3","Pécs","7621"
"3","Pécs","7622"
"3","Pécs","7623"
"3","Pécs","7624"
"3","Pécs","7625"
"3","Pécs","7626"
"3","Pécs","7627"
"3","Pécs","7628"
"3","Pécs","7629"
"3","Pécs","7630"
"3","Pécs","7631"
"3","Pécs","7632"
"3","Pécs","7633"
"3","Pécs","7634"
"3","Pécs","7635"
"3","Pécs","7636"
"3","Pécsbagota","7951"
"3","Pécsdevecser","7766"
"3","Pécsudvard","7762"
"3","Pécsvárad","7720"
"3","Pellérd","7831"
"3","Pereked","7664"
"3","Peterd","7766"
"3","Pettend","7980"
"3","Piskó","7838"
"3","Pócsa","7756"
"3","Pogány","7666"
"3","Rádfalva","7817"
"3","Regenye","7833"
"3","Romhány","2654"
"3","Romonya","7743"
"3","Sámod","7841"
"3","Sárok","7781"
"3","Sásd","7370"
"3","Sátorhely","7785"
"3","Sellye","7960"
"3","Siklós","7818"
"3","Siklós","7800"
"3","Siklósbodony","7814"
"3","Siklósnagyfalu","7823"
"3","Som","8655"
"3","Somogyacsa","7283"
"3","Somogygeszti","7455"
"3","Somogyhárságy","7925"
"3","Somogyvár","8698"
"3","Sóshartyán","3131"
"3","Sükösd","6346"
"3","Szabadszentkirály","7951"
"3","Szágy","7383"
"3","Szajk","7753"
"3","Szalánta","7811"
"3","Szalatnak","7334"
"3","Szaporca","7843"
"3","Szárász","7184"
"3","Szászvár","7349"
"3","Szava","7813"
"3","Szebény","7725"
"3","Szederkény","7751"
"3","Székelyszabar","7737"
"3","Szellő","7661"
"3","Szemely","7763"
"3","Szentdénes","7913"
"3","Szentegát","7915"
"3","Szentkatalin","7681"
"3","Szentlászló","7936"
"3","Szentlőrinc","7940"
"3","Szigetvár","7900"
"3","Szilágy","7664"
"3","Szilvás","7811"
"3","Szombathely","9700"
"3","Szomód","2896"
"3","Szorosad","7285"
"3","Szuhakálló","3731"
"3","Szurdokpüspöki","3064"
"3","Tarrós","7362"
"3","Tékes","7381"
"3","Teklafalu","7973"
"3","Tengeri","7834"
"3","Tésenfa","7843"
"3","Téseny","7834"
"3","Tófő","7348"
"3","Tömörkény","6646"
"3","Tornyospálca","4642"
"3","Tótvázsony","8246"
"3","Túrkeve","5420"
"3","Udvar","7718"
"3","Újpetre","7766"
"3","Vajszló","7838"
"3","Várad","7973"
"3","Varga","7370"
"3","Vásárosbéc","7926"
"3","Vásárosdombó","7362"
"3","Vázsnok","7370"
"3","Vejti","7838"
"3","Vékény","7333"
"3","Velény","7951"
"3","Véménd","7726"
"3","Versend","7752"
"3","Villány","7773"
"3","Villánykövesd","7772"
"3","Vokány","7768"
"3","Zádor","7976"
"3","Zaláta","7839"
"3","Zengővárkony","7720"
"3","Zók","7671"
"4","Almáskamarás","5747"
"4","Battonya","5830"
"4","Békés","5630"
"4","Békéscsaba","5623"
"4","Békéscsaba","5671"
"4","Békéscsaba","5600"
"4","Békéssámson","5946"
"4","Békésszentandrás","5561"
"4","Bélmegyer","5643"
"4","Biharugra","5538"
"4","Bucsa","5527"
"4","Csabacsőd","5551"
"4","Csabaszabadi","5609"
"4","Csanádapáca","5662"
"4","Csárdaszállás","5621"
"4","Csönge","9513"
"4","Dévaványa","5510"
"4","Döbörhegy","9914"
"4","Döbrönte","8597"
"4","Dóc","6766"
"4","Ecsegfalva","5515"
"4","Elek","5742"
"4","Füzesgyarmat","5525"
"4","Gádoros","5932"
"4","Gerendás","5925"
"4","Geszt","5734"
"4","Gyomaendrőd","5502"
"4","Gyomaendrőd","5500"
"4","Gyügye","4733"
"4","Gyula","5711"
"4","Gyula","5703"
"4","Hunya","5555"
"4","Kamut","5673"
"4","Kardos","5552"
"4","Kardoskút","5945"
"4","Kaszaper","5948"
"4","Kertészsziget","5526"
"4","Kétegyháza","5741"
"4","Kétsoprony","5674"
"4","Kevermes","5744"
"4","Kisdombegyház","5837"
"4","Kömlő","3372"
"4","Kőszárhegy","8152"
"4","Kőszeg","9730"
"4","Kőszegdoroszló","9725"
"4","Kőszegszerdahely","9725"
"4","Kővágószőlős","7673"
"4","Külsősárd","8978"
"4","Lovasberény","8093"
"4","Magyarbánhegyes","5667"
"4","Magyardombegyház","5838"
"4","Medgyesbodzás","5664"
"4","Medgyesbodzás","5663"
"4","Medgyesegyháza","5752"
"4","Medgyesegyháza","5666"
"4","Méhkerék","5726"
"4","Mezőberény","5650"
"4","Mezőgyán","5732"
"4","Mezőhegyes","5820"
"4","Mezőkovácsháza","5800"
"4","Murony","5672"
"4","Nagybánhegyes","5668"
"4","Nagykamarás","5751"
"4","Nagyszénás","5931"
"4","Ófehértó","4558"
"4","Orci","7400"
"4","Ordacsehi","8635"
"4","Ordas","6335"
"4","Öregcsertő","6311"
"4","Ózd","3661"
"4","Pusztacsalád","9373"
"4","Pusztakovácsi","8707"
"4","Sarkad","5720"
"4","Sarkadkeresztúr","5731"
"4","Szabadkígyós","5712"
"4","Szarvas","5540"
"4","Szeghalom","5520"
"4","Tarhos","5641"
"4","Telekgerendás","5675"
"4","Tornyosnémeti","3877"
"4","Újkígyós","5661"
"4","Újszalonta","5727"
"4","Végegyháza","5811"
"4","Vésztő","5530"
"4","Zsadány","5537"
"5","Abaújalpár","3882"
"5","Abaújkér","3882"
"5","Abaújlak","3815"
"5","Abaújszántó","3881"
"5","Abaújszolnok","3809"
"5","Abaújvár","3898"
"5","Abod","3753"
"5","Aggtelek","3759"
"5","Alacska","3779"
"5","Alsóberecki","3985"
"5","Alsódobsza","3717"
"5","Alsógagy","3837"
"5","Alsóregmec","3989"
"5","Alsószuha","3726"
"5","Alsótelekes","3735"
"5","Alsóvadász","3811"
"5","Alsózsolca","3571"
"5","Arka","3885"
"5","Arló","3663"
"5","Arnót","3713"
"5","Ároktő","3467"
"5","Aszaló","3841"
"5","Baktakék","3836"
"5","Balajt","3780"
"5","Bánhorváti","3642"
"5","Bánréve","3654"
"5","Baskó","3881"
"5","Becskeháza","3768"
"5","Bekecs","3903"
"5","Berente","3704"
"5","Beret","3834"
"5","Berzék","3575"
"5","Bodonhely","9134"
"5","Bodony","3243"
"5","Bodorfa","8471"
"5","Bodrog","7439"
"5","Bodroghalom","3987"
"5","Bodrogkeresztúr","3916"
"5","Bodrogkisfalud","3917"
"5","Bodrogolaszi","3943"
"5","Böhönye","8719"
"5","Bojt","4114"
"5","Bókaháza","8741"
"5","Bonnya","7281"
"5","Bőny","9073"
"5","Bonyhád","7187"
"5","Bonyhád","7150"
"5","Bonyhádvarasd","7158"
"5","Börcs","9152"
"5","Bordány","6795"
"5","Borsodnádasd","3671"
"5","Borsodszirák","3796"
"5","Bükkaranyos","3554"
"5","Bükkmogyorósd","3648"
"5","Bükkösd","7682"
"5","Bükkszentmárton","3346"
"5","Bürüs","7973"
"5","Buzsák","8695"
"5","Cigánd","3973"
"5","Csenyéte","3837"
"5","Cserépfalu","3413"
"5","Cserépváralja","3417"
"5","Csernely","3648"
"5","Csincse","3442"
"5","Csobád","3848"
"5","Csobaj","3927"
"5","Csókakő","8074"
"5","Damak","3780"
"5","Dámóc","3978"
"5","Debréte","3825"
"5","Dédestapolcsány","3643"
"5","Detek","3834"
"5","Döbrököz","7228"
"5","Dozmat","9791"
"5","Dubicsány","3635"
"5","Edelény","3783"
"5","Edelény","3780"
"5","Egerlövő","3461"
"5","Egerszólát","3328"
"5","Emőd","3432"
"5","Encs","3854"
"5","Encs","3860"
"5","Erdőbénye","3932"
"5","Erdőhorváti","3935"
"5","Fáj","3865"
"5","Fancsal","3855"
"5","Farkaslyuk","3608"
"5","Felsőberecki","3985"
"5","Felsődobsza","3847"
"5","Felsőgagy","3837"
"5","Felsőkelecsény","3722"
"5","Felsőnyárád","3721"
"5","Felsőregmec","3989"
"5","Felsőtelekes","3735"
"5","Felsővadász","3814"
"5","Felsőzsolca","3561"
"5","Filkeháza","3994"
"5","Folyás","4090"
"5","Fonyód","8644"
"5","Füle","8157"
"5","Füzér","3996"
"5","Füzérkajata","3994"
"5","Füzérkomlós","3997"
"5","Füzérradvány","3993"
"5","Gadna","3815"
"5","Gagyapáti","3837"
"5","Gagybátor","3817"
"5","Gagyvendégi","3816"
"5","Galvács","3752"
"5","Garadna","3873"
"5","Gelej","3444"
"5","Gesztely","3923"
"5","Gesztely","3715"
"5","Girincs","3578"
"5","Göd","2132"
"5","Gönyű","9071"
"5","Gór","9625"
"5","Görbeháza","4075"
"5","Györköny","7045"
"5","Halmaj","3842"
"5","Hangács","3795"
"5","Hangony","3626"
"5","Háromhuta","3936"
"5","Harsány","3555"
"5","Hegymeg","3786"
"5","Hejce","3892"
"5","Hejőbába","3593"
"5","Hejőkeresztúr","3597"
"5","Hejőkürt","3588"
"5","Hejőpapi","3594"
"5","Hejőszalonta","3595"
"5","Hercegkút","3958"
"5","Hernádbőd","3853"
"5","Hernádcéce","3887"
"5","Hernádkak","3563"
"5","Hernádkércs","3846"
"5","Hernádnémeti","3564"
"5","Hernádpetri","3874"
"5","Hernádszentandrás","3852"
"5","Hernádszurdok","3875"
"5","Hernádvécse","3874"
"5","Hét","3655"
"5","Hidasnémeti","3876"
"5","Hidvégardó","3768"
"5","Hollád","8731"
"5","Homorúd","7716"
"5","Igrici","3459"
"5","Imola","3724"
"5","Ináncs","3851"
"5","Irota","3786"
"5","Izsófalva","3741"
"5","Jákfalva","3721"
"5","Járdánháza","3664"
"5","Jósvafő","3758"
"5","Kács","3424"
"5","Kánó","3735"
"5","Kány","3821"
"5","Karcsa","3963"
"5","Karos","3962"
"5","Kazincbarcika","3700"
"5","Kázsmárk","3831"
"5","Kéked","3899"
"5","Kelemér","3728"
"5","Kenézlő","3955"
"5","Keresztéte","3821"
"5","Kesznyéten","3579"
"5","Királd","3657"
"5","Kiscsécs","3578"
"5","KisGyőr","3556"
"5","Kishuta","3994"
"5","Kiskinizs","3843"
"5","Kisrozvágy","3965"
"5","Kissikátor","3627"
"5","Kistokaj","3553"
"5","Kölesd","7052"
"5","Komárom","2921"
"4","Kömlő","7305"
"5","Komoró","4622"
"5","Konyár","4133"
"5","Kosd","2612"
"5","Krasznokvajda","3821"
"5","Kunszentmárton","5440"
"5","Kunsziget","9184"
"5","Lácacséke","3967"
"5","Ládbesenyő","3780"
"5","Lak","3786"
"5","Legyesbénye","3904"
"5","Léh","3832"
"5","Lénárddaróc","3648"
"5","Litka","3866"
"5","Mád","3909"
"5","Makkoshotyka","3959"
"5","Mályi","3434"
"5","Mályinka","3645"
"5","Martonyi","3755"
"5","Megyaszó","3718"
"5","Méra","3871"
"5","Meszes","3754"
"5","Mezőcsát","3450"
"5","Mezőkeresztes","3441"
"5","Mezőkövesd","3400"
"5","Mezőnagymihály","3443"
"5","Mezőnyárád","3421"
"5","Mezőzombor","3931"
"5","Mikóháza","3989"
"5","Miskolc","3510"
"5","Miskolc","3515"
"5","Miskolc","3516"
"5","Miskolc","3508"
"5","Miskolc","3517"
"5","Miskolc","3518"
"5","Miskolc","3521"
"5","Miskolc","3519"
"5","Miskolc","3500"
"5","Miskolc","3501"
"5","Miskolc","3524"
"5","Miskolc","3525"
"5","Miskolc","3526"
"5","Miskolc","3527"
"5","Miskolc","3528"
"5","Miskolc","3529"
"5","Miskolc","3530"
"5","Miskolc","3531"
"5","Miskolc","3532"
"5","Miskolc","3533"
"5","Miskolc","3534"
"5","Miskolc","3535"
"5","Mogyorósbánya","2535"
"5","Molvány","7981"
"5","Monaj","3812"
"5","Múcsony","3744"
"5","Muhi","3552"
"5","Nagybarca","3641"
"5","Nagycsécs","3598"
"5","Nagyhuta","3994"
"5","Nagykinizs","3844"
"5","Nagyrozvágy","3965"
"5","Négyes","3463"
"5","Nekézseny","3646"
"5","Nemesbikk","3592"
"5","Novaj","3327"
"5","Nyékládháza","3433"
"5","Nyésta","3809"
"5","Nyíri","3997"
"5","Nyőgér","9682"
"5","Okorvölgy","7681"
"5","Olcsva","4826"
"5","Olcsvaapáti","4914"
"5","őrbottyán","2162"
"5","Örményes","5222"
"5","Ormosbánya","3743"
"5","Orosháza","5904"
"5","Orosháza","5903"
"5","Orosháza","5905"
"5","Orosháza","5900"
"5","Oroszi","8458"
"5","Oroszlány","2840"
"5","Oroszló","7370"
"5","Pácin","3964"
"5","Pálháza","3994"
"5","Pamlény","3821"
"5","Pányok","3898"
"5","Parasznya","3777"
"5","Pere","3853"
"5","Perecse","3821"
"5","Perkupa","3756"
"5","Prügy","3925"
"5","Pusztaberki","2658"
"5","Pusztamagyaród","8895"
"5","Pusztaszentlászló","8896"
"5","Radostyán","3776"
"5","Ragály","3724"
"5","Rakaca","3825"
"5","Rakacaszend","3826"
"5","Rásonysápberencs","3833"
"5","Rátka","3908"
"5","Regéc","3893"
"5","Répáshuta","3559"
"5","Révleányvár","3976"
"5","Ricse","3974"
"5","Rudabánya","3733"
"5","Rudolftelep","3742"
"5","Sajóbábony","3792"
"5","Sajóecseg","3793"
"5","Sajógalgóc","3636"
"5","Sajóhidvég","3576"
"5","Sajóivánka","3720"
"5","Sajókápolna","3773"
"5","Sajókaza","3720"
"5","Sajókeresztúr","3791"
"5","Sajólád","3572"
"5","Sajólászlófalva","3773"
"5","Sajómercse","3656"
"5","Sajónémeti","3652"
"5","Sajóörös","3586"
"5","Sajópálfala","3714"
"5","Sajópetri","3573"
"5","Sajópüspöki","3653"
"5","Sajósenye","3712"
"5","Sajószentpéter","3770"
"5","Sajószöged","3599"
"5","Sajóvámos","3712"
"5","Sajóvelezd","3656"
"5","Sály","3425"
"5","Sárazsadány","3942"
"5","Sárospatak","3952"
"5","Sárospatak","3950"
"5","Sáta","3659"
"5","Sátoraljaújhely","3944"
"5","Sátoraljaújhely","3945"
"5","Sátoraljaújhely","3988"
"5","Sátoraljaújhely","3980"
"5","Selyeb","3809"
"5","Semjén","3974"
"5","Serényfalva","3729"
"5","Sima","3881"
"5","Sorokpolány","9773"
"5","Szakácsi","3786"
"5","Szakáld","3596"
"5","Szalaszend","3863"
"5","Szalonna","3754"
"5","Szászfa","3821"
"5","Szegi","3918"
"5","Szegilong","3918"
"5","Szemere","3866"
"5","Szendrő","3752"
"5","Szendrőlád","3751"
"5","Szentistván","3418"
"5","Szentistvánbaksa","3844"
"5","Szerencs","3900"
"5","Szikszó","3800"
"5","Szin","3761"
"5","Szinpetri","3761"
"5","Szirmabesenyő","3711"
"5","Szokolya","2624"
"3","Szombathely","9719"
"5","Szomor","2822"
"5","Szügy","2699"
"5","Szuha","3154"
"5","Szuhafő","3726"
"5","Taktabáj","3926"
"5","Taktaharkány","3922"
"5","Taktakenéz","3924"
"5","Taktaszada","3921"
"5","Tállya","3907"
"5","Tarcal","3915"
"5","Tard","3416"
"5","Tardona","3644"
"5","Telkibánya","3896"
"5","Teresztenye","3757"
"5","Tibolddaróc","3423"
"5","Tiszabábolna","3465"
"5","Tiszacsermely","3972"
"5","Tiszadorogma","3466"
"5","Tiszakarád","3971"
"5","Tiszakeszi","3458"
"5","Tiszaladány","3929"
"5","Tiszalúc","3565"
"5","Tiszapalkonya","3587"
"5","Tiszatardos","3928"
"5","Tiszatarján","3589"
"5","Tiszaújváros","3580"
"5","Tiszavalk","3464"
"5","Tök","2073"
"5","Tököl","2316"
"5","Tolnanémedi","7083"
"5","Tompaládony","9662"
"5","Tordas","2463"
"5","Tormafölde","8876"
"5","Tormás","7383"
"5","Tormásliget","9736"
"5","Tornakápolna","3761"
"5","Trizs","3724"
"5","Újcsanálos","3716"
"5","Und","9464"
"5","Vadna","3636"
"5","Vágáshuta","3992"
"5","Vajdácska","3961"
"5","Vámosszabadi","9061"
"5","Varbó","3778"
"5","Varbóc","3756"
"5","Vatta","3431"
"5","Vilmány","3891"
"5","Vilyvitány","3991"
"5","Viss","3956"
"5","Viszló","3825"
"5","Vizsoly","3888"
"5","Zádorfalva","3726"
"5","Zalkod","3957"
"5","Zemplénagárd","3977"
"5","Ziliz","3794"
"5","Zsujta","3897"
"5","Zubogy","3723"
"6","Algyő","6750"
"6","Ambrózfalva","6916"
"6","Apátfalva","6931"
"6","Árpádhalom","6623"
"6","Ásotthalom","6783"
"6","Baks","6768"
"6","Balástya","6764"
"6","Boldva","3794"
"6","Csanádalberti","6915"
"6","Csanádpalota","6913"
"6","Csanytelek","6647"
"6","Csengele","6765"
"6","Csólyospálos","6135"
"6","Csoma","7253"
"6","Derekegyház","6621"
"6","Deszk","6772"
"6","Döbröce","8357"
"6","Dobronhegy","8989"
"6","Eperjes","6624"
"6","Fábiánsebestyén","6625"
"6","Felgyő","6645"
"6","Ferencszállás","6774"
"6","Főnyed","8732"
"6","Forráskút","6793"
"6","Hódmezővásárhely","6806"
"6","Hódmezővásárhely","6800"
"6","Királyhegyes","6911"
"6","Kistelek","6760"
"6","Kiszombor","6775"
"6","Klárafalva","6773"
"6","Kozármisleny","7761"
"6","Kurityán","3732"
"6","Magyarcsanád","6932"
"6","Makó","6903"
"6","Makó","6900"
"6","Maroslele","6921"
"6","Mártély","6636"
"6","Mindszent","6630"
"6","Mórágy","7165"
"6","Nagyér","6917"
"6","Nagylak","6933"
"6","Nagymágocs","6622"
"6","Nagytótfalu","7800"
"6","Öcsöd","5451"
"6","Ólmod","9733"
"6","Ozmánbük","8998"
"6","Pitvaros","6914"
"6","Pusztafalu","3995"
"6","Pusztaottlaka","5665"
"6","Rózsaszentmárton","3033"
"6","Ruzsa","6786"
"6","Sándorfalva","6762"
"6","Szatymaz","6763"
"6","Szeged","6757"
"6","Szeged","6791"
"6","Szeged","6710"
"6","Szeged","6771"
"6","Szeged","6753"
"6","Szeged","6700"
"6","Szeged","6720"
"6","Szeged","6721"
"6","Szeged","6722"
"6","Szeged","6723"
"6","Szeged","6724"
"6","Szeged","6725"
"6","Szeged","6726"
"6","Szeged","6727"
"6","Szeged","6728"
"6","Szeged","6729"
"6","Szegvár","6635"
"6","Székkutas","6821"
"6","Szentes","6600"
"6","Tiszasziget","6756"
"6","Tótkomlós","5940"
"6","Újszentiván","6754"
"6","Uszka","4952"
"6","Zákányszék","6787"
"6","Zsombó","6792"
"7","Aba","8128"
"7","Aba","8127"
"7","Adony","2457"
"7","Alap","7011"
"7","Alcsútdoboz","8087"
"7","Alsószentiván","7012"
"7","Bakonycsernye","8056"
"7","Bakonykúti","8045"
"7","Balinka","8054"
"7","Balinka","8055"
"7","Baracs","2427"
"7","Baracs","2426"
"7","Baracska","2471"
"7","Beloiannisz","2455"
"7","Besnyő","2456"
"7","Bicske","2060"
"7","Bocskaikert","4241"
"7","Boda","7672"
"7","Cece","7013"
"7","Csabdi","2064"
"7","Csákberény","8073"
"7","Csákvár","8083"
"7","Csöde","8999"
"7","Csömödér","8957"
"7","Csót","8558"
"7","Dég","8135"
"7","Dunaújváros","2407"
"7","Dunaújváros","2400"
"7","Előszállás","2423"
"7","Előszállás","2424"
"7","Enying","8131"
"7","Enying","8130"
"7","Ercsi","2453"
"7","Ercsi","2451"
"7","Etyek","2091"
"7","Fehérvárcsurgó","8052"
"7","Felcsút","8086"
"7","Fulókércs","3864"
"7","Gánt","8082"
"7","Gárdony","2484"
"7","Gárdony","2485"
"7","Gárdony","2483"
"7","Gyulakeszi","8286"
"7","Hantos","2434"
"7","Igar","7016"
"7","Igar","7015"
"7","Iszkaszentgyörgy","8043"
"7","Isztimér","8045"
"7","Iváncsa","2454"
"7","Jenő","8146"
"7","Kajászó","2472"
"7","Káloz","8124"
"7","Kápolnásnyék","2475"
"7","Kincsesbánya","8044"
"7","Kisapostag","2428"
"7","Kisláng","8156"
"7","Kötegyán","5725"
"7","Kübekháza","6755"
"7","Lajoskomárom","8136"
"7","Lepsény","8132"
"3","Lőrinci","3024"
"7","Magyaralmás","8071"
"7","Mány","2065"
"7","Martonvásár","2462"
"7","Matty","7854"
"7","Mezőfalva","2422"
"7","Mezőkomárom","8137"
"7","Mezőszentgyörgy","8133"
"7","Mezőszilas","7017"
"7","Mogyoróska","3893"
"7","Monyoród","7751"
"7","Nadap","8097"
"7","Nádasdladány","8145"
"7","Nagykarácsony","2425"
"7","Nagylók","2435"
"7","Nagyveleg","8065"
"7","Nagyvenyim","2421"
"7","Óbarok","2063"
"7","Pákozd","8095"
"7","Pátka","8092"
"7","Pázmánd","2476"
"7","Perkáta","2431"
"7","Polgárdi","8153"
"7","Polgárdi","8155"
"7","Polgárdi","8154"
"7","Pusztamérges","6785"
"7","Pusztaszabolcs","2490"
"7","Rácalmás","2459"
"7","Ráckeresztúr","2465"
"7","Sárbogárd","7018"
"7","Sárbogárd","7019"
"7","Sárbogárd","7003"
"7","Sárbogárd","7000"
"7","Sáregres","7014"
"7","Sárkeresztes","8051"
"7","Sárkeresztúr","8125"
"7","Sárkeszi","8144"
"7","Sárosd","2433"
"7","Sárszentágota","8126"
"7","Sárszentmihály","8141"
"7","Sárszentmihály","8143"
"7","Seregélyes","8111"
"7","Sonkád","4954"
"7","Sótony","9681"
"7","Sukoró","8096"
"7","Szabadbattyán","8151"
"7","Szabadegyháza","2432"
"7","Szabadhidvég","8139"
"7","Szabadhidvég","8138"
"7","Szár","2066"
"7","Székesfehérvár","8019"
"7","Székesfehérvár","8000"
"7","Tabajd","8088"
"7","Tác","8121"
"7","Tomor","3787"
"7","Újbarok","2066"
"7","Ura","4763"
"7","Vajta","7041"
"7","Vál","2473"
"7","Velence","2481"
"7","Vereb","2477"
"7","Vértesacsa","8089"
"7","Vértesboglár","8085"
"7","Zámoly","8081"
"7","Zichyújfalu","8112"
"8","Abda","9151"
"8","Acsalag","9168"
"8","Ágfalva","9423"
"8","Agyagosszergény","9441"
"8","Árpás","9132"
"8","Ásványráró","9177"
"8","Babót","9351"
"8","Bágyogszovát","9145"
"8","Bakonypéterd","9088"
"8","Barbacs","9169"
"8","Beled","9343"
"8","Bezenye","9223"
"8","Bezi","9162"
"8","Böde","8991"
"8","Bogád","7742"
"8","Botpalád","4955"
"8","Botykapeterd","7900"
"8","Bózsva","3994"
"8","Cakóháza","9165"
"8","Cirák","9364"
"8","Csáfordjánosfa","9375"
"8","Csapod","9372"
"8","Csér","9375"
"8","Csikvánd","9127"
"8","Csömör","2141"
"8","Darnózseli","9232"
"8","Dénesfa","9365"
"8","Dorogháza","3153"
"8","Dunakiliti","9225"
"8","Dunaremete","9235"
"8","Dunaszeg","9174"
"8","Dunaszentpál","9175"
"8","Dunasziget","9226"
"8","Ebergőc","9451"
"8","Écs","9083"
"8","Edve","9343"
"8","Egyed","9314"
"8","Egyházasfalu","9473"
"8","Enese","9143"
"8","Farád","9321"
"8","Fehértó","9163"
"8","Feketeerdő","9211"
"8","Felpéc","9122"
"8","Fertőboz","9493"
"8","Fertőd","9433"
"8","Fertőd","9431"
"8","Fertőendréd","9442"
"8","Fertőhomok","9492"
"8","Fertőrákos","9421"
"8","Fertőszentmiklós","9444"
"8","Fertőszéplak","9436"
"8","Görcsöny","7833"
"8","Gyalóka","9474"
"8","Gyarmat","9126"
"8","Gyömöre","9124"
"8","Gyömrő","2230"
"8","Győr","9011"
"8","Győr","9012"
"8","Győr","9000"
"8","Győr","9021"
"8","Győr","9022"
"8","Győr","9023"
"8","Győr","9024"
"8","Győr","9025"
"8","Győr","9026"
"8","Győr","9027"
"8","Győr","9028"
"8","Győr","9029"
"8","Győr","9030"
"8","Győrasszonyfa","9093"
"8","Györe","7352"
"8","Gyóró","9363"
"8","Győrság","9084"
"8","Győrsövényház","9161"
"8","Győrszemere","9121"
"8","Győrújbarát","9081"
"8","Győrújfalu","9171"
"8","Győrzámoly","9172"
"8","Halászi","9228"
"8","Harka","9422"
"8","Hédervár","9178"
"8","Hegyeshalom","9222"
"8","Hegykő","9437"
"8","Hidegség","9491"
"8","Himod","9362"
"8","Hövej","9361"
"8","Ikrény","9141"
"8","Iván","9374"
"8","Jánossomorja","9241"
"8","Jánossomorja","9242"
"8","Jobaháza","9323"
"8","Kajárpéc","9123"
"8","Kapuvár","9339"
"8","Kapuvár","9330"
"8","Kimle","9181"
"8","Kisbabot","9133"
"8","Kisbajcs","9062"
"8","Kisbodak","9234"
"8","Kisfalud","9341"
"8","Kömlőd","2853"
"8","Komlósd","7582"
"5","Komoró","4943"
"8","Kunszállás","6115"
"8","Lázi","9089"
"8","Lébény","9155"
"8","Levél","9221"
"8","Lipót","9233"
"8","Lövő","9461"
"8","Maglóca","9169"
"8","Magyarkeresztúr","9346"
"8","Máriakálnok","9231"
"8","Markotabödöge","9164"
"8","Mecsér","9176"
"8","Mérges","9136"
"8","Mezőörs","9098"
"8","Mezőörs","9097"
"8","Mihályi","9342"
"8","Móricgát","6132"
"8","Mosdós","7257"
"8","Mosonmagyaróvár","9200"
"8","Mosonszentmiklós","9183"
"8","Mosonszentmiklós","9154"
"8","Nagybajcs","9063"
"8","Nagycenk","9485"
"8","Nagylózs","9482"
"8","Nagyszentjános","9072"
"8","Nemeskér","9471"
"8","Nyalka","9096"
"8","Nyúl","9082"
"8","őrimagyarósd","9933"
"8","Ózdfalu","7836"
"8","Páli","9345"
"8","Pannonhalma","9090"
"8","Pásztori","9311"
"8","Pázmándfalu","9085"
"8","Pér","9099"
"8","Pereszteg","9484"
"8","Petőháza","9443"
"8","Pinnye","9481"
"8","Pórszombat","8986"
"8","Püspökladány","4150"
"8","Pusztaszer","6769"
"8","Rábacsanak","9313"
"8","Rábacsécsény","9136"
"8","Rábakecöl","9344"
"8","Rábapatona","9142"
"8","Rábapordány","9146"
"8","Rábasebes","9327"
"8","Rábaszentandrás","9316"
"8","Rábaszentmihály","9135"
"8","Rábaszentmiklós","9133"
"8","Rábatamási","9322"
"8","Rábcakapi","9165"
"8","Rajka","9224"
"8","Ravazd","9091"
"8","Répceszemere","9375"
"8","Répcevis","9475"
"8","Rétalap","9074"
"8","Rózsafa","7914"
"8","Sarród","9434"
"8","Sarród","9435"
"8","Sobor","9315"
"8","Söjtör","8897"
"8","Soponya","8123"
"8","Sopron","9494"
"8","Sopron","9408"
"8","Sopron","9407"
"8","Sopron","9400"
"8","Sopronhorpács","9463"
"8","Sopronkövesd","9483"
"8","Szakony","9474"
"8","Szany","9317"
"8","Szárföld","9353"
"8","Szerecseny","9125"
"8","Szil","9326"
"8","Szilsárkány","9312"
"8","Táp","9095"
"8","Tápszentmiklós","9094"
"8","Tarjánpuszta","9092"
"8","Tárnokréti","9165"
"8","Tényő","9111"
"8","Tét","9100"
"8","Torvaj","8660"
"8","Újkér","9472"
"8","Újrónafő","9244"
"8","Üllés","6794"
"8","Vadosfa","9346"
"8","Vág","9327"
"8","Vámosújfalu","3941"
"8","Várbalog","9243"
"8","Vásárosfalu","9343"
"8","Vének","9062"
"8","Veszkény","9352"
"8","Vitnyéd","9371"
"8","Völcsej","9462"
"8","Zsebeháza","9346"
"8","Zsira","9476"
"9","Álmosd","4285"
"9","Ártánd","4115"
"9","Bagamér","4286"
"9","Bakonszeg","4164"
"9","Balmazújváros","4060"
"9","Báránd","4161"
"9","Bedő","4128"
"9","Berekböszörmény","4116"
"9","Berettyóújfalu","4103"
"9","Berettyóújfalu","4100"
"9","Bihardancsháza","4175"
"9","Biharkeresztes","4110"
"9","Biharnagybajom","4172"
"9","Bihartorda","4174"
"9","Bócsa","6235"
"9","Bogádmindszent","7836"
"9","Csonkamindszent","7940"
"9","Darvas","4144"
"9","Debrecen","4079"
"9","Debrecen","4078"
"9","Debrecen","4225"
"9","Debrecen","4063"
"9","Debrecen","4000"
"9","Debrecen","4002"
"9","Debrecen","4024"
"9","Debrecen","4025"
"9","Debrecen","4026"
"9","Debrecen","4027"
"9","Debrecen","4028"
"9","Debrecen","4029"
"9","Debrecen","4030"
"9","Debrecen","4031"
"9","Debrecen","4032"
"9","Debrecen","4033"
"9","Debrecen","4034"
"9","Derecske","4130"
"9","Ebes","4211"
"9","Egyek","4067"
"9","Egyek","4069"
"9","Esztár","4124"
"9","Földeák","6922"
"9","Forró","3849"
"9","Fülesd","4964"
"9","Fülöpháza","6042"
"9","Gáborján","4122"
"9","Görcsönydoboka","7728"
"9","Hajdúbagos","4273"
"9","Hajdúböszörmény","4224"
"9","Hajdúböszörmény","4086"
"9","Hajdúböszörmény","4074"
"9","Hajdúböszörmény","4220"
"9","Hajdúdorog","4087"
"9","Hajdúhadház","4242"
"9","Hajdúnánás","4085"
"9","Hajdúnánás","4080"
"9","Hajdúsámson","4251"
"9","Hajdúszoboszló","4200"
"9","Hajdúszovát","4212"
"9","Hencida","4123"
"9","Hort","3014"
"9","Hosszúhetény","7694"
"9","Kaba","4183"
"9","Kismarja","4126"
"9","Kocsord","4751"
"9","Kokad","4284"
"9","Komlódtótfalu","4765"
"9","Kótaj","4482"
"9","Kötcse","8627"
"9","Létavértes","4281"
"9","Létavértes","4283"
"9","Magyarhomorog","4137"
"9","Mezőpeterd","4118"
"9","Mezősas","4134"
"9","Mikepércs","4271"
"9","Monostorapáti","8296"
"9","Nádudvar","4181"
"9","Nagyhegyes","4064"
"9","Nagykereki","4127"
"9","Nagyrábé","4173"
"9","Nyírábrány","4264"
"9","Nyíracsád","4262"
"9","Nyíradony","4253"
"9","Nyíradony","4252"
"9","Nyíradony","4254"
"9","Nyírmártonfalva","4263"
"9","Pocsaj","4125"
"9","Polgár","4090"
"9","Pusztavám","8066"
"9","Sáp","4176"
"9","Sáránd","4272"
"9","Sárrétudvari","4171"
"9","Szentpéterszeg","4121"
"9","Szerep","4162"
"9","Szerep","4163"
"9","Téglás","4243"
"9","Tépe","4132"
"9","Tetétlen","4184"
"9","Tiszacsege","4066"
"9","Tiszagyulaháza","4097"
"9","Tokorcs","9561"
"9","Újiráz","4146"
"9","Újléta","4288"
"9","Újszentmargita","4065"
"9","Újtikos","4096"
"9","Vámospércs","4287"
"9","Váncsod","4119"
"9","Vekerd","4143"
"9","Zsáka","4142"
"10","Abasár","3261"
"10","Adács","3292"
"10","Aldebrő","3353"
"10","Andornaktálya","3399"
"10","Apc","3032"
"10","Átány","3371"
"10","Atkár","3213"
"10","Balaton","3347"
"10","Bátor","3336"
"10","Bekölce","3343"
"10","Bélapátfalva","3346"
"10","Besenyőtelek","3373"
"10","Bocfölde","8943"
"10","Bödeháza","8969"
"10","Bogyiszló","7132"
"10","Bükkszenterzsébet","3257"
"10","Bükkszentkereszt","3557"
"10","Bükkzsérc","3414"
"10","Csány","3015"
"10","Demjén","3395"
"10","Detk","3275"
"10","Dombegyház","5836"
"10","Dombiratos","5745"
"10","Ecséd","3013"
"10","Eger","3304"
"10","Eger","3323"
"10","Eger","3300"
"10","Egerbakta","3321"
"10","Egerbocs","3337"
"10","Egercsehi","3341"
"10","Egerfarmos","3379"
"10","Egerszalók","3394"
"10","Égerszög","3757"
"10","Erdőkövesd","3252"
"10","Erdőtelek","3358"
"10","Erk","3295"
"10","Fedémes","3255"
"10","Feldebrő","3352"
"10","Felsőtárkány","3324"
"10","Füzesabony","3390"
"3","Gyöngyös","3232"
"3","Gyöngyös","3233"
"3","Gyöngyös","3200"
"10","Gyöngyösfalu","9723"
"10","Gyöngyösmellék","7972"
"10","Gyöngyöspata","3035"
"10","Gyöngyössolymos","3231"
"10","Gyöngyöstarján","3036"
"10","Gyönk","7064"
"10","Halmajugra","3273"
"10","Hatvan","3000"
"10","Heréd","3011"
"10","Heves","3360"
"10","Hevesaranyos","3322"
"10","Hevesvezekény","3383"
"10","Horpács","2658"
"10","Istenmezeje","3253"
"10","Ivád","3248"
"10","Kál","3350"
"10","Kápolna","3355"
"10","Karácsond","3281"
"10","Kerecsend","3396"
"10","Kisfüzes","3256"
"10","Kiskőrös","6200"
"10","Kisnána","3264"
"10","Komjáti","3765"
"10","Körösladány","5516"
"10","Lovászhetény","7720"
"10","Lovászi","8878"
"10","Lovászpatona","8553"
"10","Ludas","3274"
"10","Maklár","3397"
"10","Markaz","3262"
"10","Mátraballa","3247"
"10","Mátraderecske","3246"
"10","Mátraszentimre","3234"
"10","Mátraszentimre","3235"
"10","Mezőszemere","3378"
"10","Mezőtárkány","3375"
"10","Mikófalva","3344"
"10","Monor","2200"
"10","Nagyfüged","3282"
"10","Nagykorpád","7545"
"10","Nagyréde","3214"
"10","Nagytálya","3398"
"10","Nagyút","3357"
"10","Nagyvisnyó","3349"
"10","Noszvaj","3325"
"10","Nova","8948"
"10","Örkény","2377"
"10","Parád","3244"
"10","Parád","3240"
"10","Parádsasvár","3242"
"10","Pély","3381"
"10","Pétervására","3250"
"10","Petőfibánya","3023"
"10","Pörböly","7142"
"10","Recsk","3245"
"10","Röszke","6758"
"10","Sarud","3386"
"10","Sirok","3332"
"10","Szajla","3334"
"10","Szentdomonkos","3259"
"10","Szihalom","3377"
"10","Szilvásszentmárton","7477"
"10","Szúcs","3341"
"10","Szulok","7539"
"10","Tarnabod","3369"
"10","Tarnalelesz","3258"
"10","Tarnaméra","3284"
"10","Tarnaörs","3294"
"10","Tarnaszentmária","3331"
"10","Tarnaszentmiklós","3382"
"10","Tarnazsadány","3283"
"10","Tenk","3359"
"10","Terpes","3334"
"10","Tiszanána","3385"
"10","Tófalu","3354"
"10","Újlőrincfalva","3387"
"10","Vámosgyörk","3291"
"10","Váraszó","3254"
"10","Vécs","3265"
"10","Verpelét","3351"
"10","Visonta","3272"
"10","Visonta","3271"
"10","Visznek","3293"
"10","Zagyvaszántó","3031"
"10","Zaránk","3296"
"11","Abádszalók","5241"
"11","Alattyán","5142"
"11","Berekfürdő","5309"
"11","Besenyszög","5071"
"11","Cibakháza","5462"
"11","Csataszög","5064"
"11","Csépa","5475"
"11","Cserkeszőlő","5465"
"11","Fegyvernek","5213"
"11","Fegyvernek","5231"
"11","Hunyadfalva","5063"
"11","Jánoshida","5143"
"11","Jászágó","5124"
"11","Jászalsószentgyörgy","5054"
"11","Jászapáti","5130"
"11","Jászárokszállás","5123"
"11","Jászberény","5152"
"11","Jászberény","5100"
"11","Jászboldogháza","5144"
"11","Jászdózsa","5122"
"11","Jászfelsőszentgyörgy","5111"
"11","Jászfényszaru","5126"
"11","Jászivány","5135"
"11","Jászjákóhalma","5121"
"11","Jászkisér","5137"
"11","Jászladány","5055"
"11","Jászszentandrás","5136"
"11","Jásztelek","5141"
"11","Karcag","5300"
"11","Kenderes","5349"
"11","Kenderes","5331"
"11","Kengyel","5083"
"11","Kétpó","5411"
"11","Kisújszállás","5310"
"11","Kővágótőttős","7675"
"11","Kunágota","5746"
"11","Kunbaracs","6043"
"11","Kuncsorba","5412"
"11","Kunhegyes","5340"
"11","Kunmadaras","5321"
"11","Martfő","5435"
"11","Mesterszállás","5452"
"11","Mezőhék","5453"
"11","Mezőtúr","5400"
"11","Nagyiván","5363"
"11","Nagykozár","7741"
"11","Nagyrév","5463"
"11","ősi","8161"
"4","Ózd","3651"
"11","Pusztahencse","7038"
"11","Rákóczifalva","5085"
"11","Rákócziújfalu","5084"
"11","Szajol","5081"
"11","Szászberek","5053"
"11","Szelevény","5476"
"11","Sződ","2134"
"11","Sződliget","2133"
"11","Tiszabő","5232"
"11","Tiszabura","5235"
"11","Tiszaderzs","5243"
"11","Tiszaföldvár","5461"
"11","Tiszaföldvár","5430"
"11","Tiszafüred","5359"
"11","Tiszafüred","5358"
"11","Tiszafüred","5244"
"11","Tiszafüred","5350"
"11","Tiszagyenda","5233"
"11","Tiszaigar","5361"
"11","Tiszainoka","5464"
"11","Tiszajenő","5094"
"11","Tiszakürt","5472"
"11","Tiszakürt","5471"
"11","Tiszaörs","5362"
"11","Tiszapüspöki","5211"
"11","Tiszaroff","5234"
"11","Tiszasas","5474"
"11","Tiszasüly","5061"
"11","Tiszaszentimre","5323"
"11","Tiszaszentimre","5322"
"11","Tiszatenyő","5082"
"11","Tiszavárkony","5095"
"11","Tiszavárkony","5092"
"11","Tolna","7130"
"11","Tornyiszentmiklós","8877"
"11","Tótszerdahely","8864"
"11","Töttös","7755"
"11","Türje","8796"
"11","Újszász","5052"
"11","Vezseny","5093"
"11","Zagyvarékas","5051"
"12","Ács","2941"
"12","Ácsteszér","2887"
"12","Aka","2862"
"12","Almásfüzitő","2931"
"12","Annavölgy","2529"
"12","Bábolna","2943"
"12","Baj","2836"
"12","Bajna","2525"
"12","Bajót","2533"
"12","Bakonybánk","2885"
"12","Bakonysárkány","2861"
"12","Bakonyszombathely","2884"
"12","Bana","2944"
"12","Bársonyos","2883"
"12","Bögöt","9612"
"12","Császár","2858"
"12","Csatka","2888"
"12","Csém","2949"
"12","Csép","2946"
"12","Csökmő","4145"
"12","Dad","2854"
"12","Dág","2522"
"12","Dombóvár","7200"
"12","Dormánd","3374"
"12","Dunaalmás","2545"
"12","Dunaszentmiklós","2897"
"12","Epöl","2526"
"12","Esztergom","2509"
"12","Esztergom","2500"
"12","Ete","2947"
"12","Gyermely","2821"
"12","Héreg","2832"
"12","Kecskéd","2852"
"12","Kerékteleki","2882"
"12","Kesztölc","2517"
"12","Kisbér","2881"
"12","Kisbér","2879"
"12","Kisbér","2870"
"12","Kisigmánd","2948"
"12","Köblény","7334"
"12","Kökény","7668"
"12","Kőkút","7530"
"12","Kölcse","4965"
"12","Körösnagyharsány","5539"
"12","Körösújfalu","5536"
"12","Lábatlan","2541"
"12","Leányvár","2518"
"12","Máriahalom","2527"
"12","Mocsa","2911"
"12","Mogyoród","2146"
"12","Nagyigmánd","2942"
"12","Nagysáp","2524"
"12","Naszály","2899"
"12","Neszmély","2544"
"12","Nyergesújfalu","2537"
"12","Nyergesújfalu","2536"
"12","Orfalu","9982"
"12","Piliscsév","2519"
"12","Pilismarót","2028"
"12","Réde","2886"
"12","Sárisáp","2523"
"12","Sülysáp","2242"
"12","Süttő","2543"
"12","Szákszend","2856"
"12","Szárliget","2067"
"12","Szőkedencs","8736"
"12","Szólád","8625"
"12","Tardos","2834"
"12","Tarján","2831"
"12","Tárkány","2945"
"12","Tát","2534"
"12","Tata","2835"
"12","Tata","2890"
"12","Tatabánya","2800"
"12","Tokaj","3910"
"12","Tokod","2531"
"12","Üllő","2225"
"12","Várgesztes","2824"
"12","Vérteskethely","2859"
"12","Vértessomló","2823"
"12","Vértestolna","2833"
"12","Vértesszőlős","2837"
"13","Alsópetény","2617"
"13","Alsótold","3069"
"13","Balassagyarmat","2660"
"13","Bánk","2653"
"13","Bárna","3126"
"13","Bátonyterenye","3078"
"13","Bátonyterenye","3070"
"13","Bátonyterenye","3151"
"13","Becske","2693"
"13","Bér","3045"
"13","Bercel","2687"
"13","Berkenye","2641"
"13","Bögöte","9675"
"13","Borgáta","9554"
"13","Buják","3047"
"13","Cered","3123"
"13","Csécse","3052"
"13","Cserháthaláp","2694"
"13","Cserhátsurány","2676"
"13","Cserhátszentiván","3066"
"13","Csesztve","2678"
"13","Csitár","2673"
"13","Debercsény","2694"
"13","Dejtár","2649"
"13","Diósjenő","2643"
"13","Dombrád","4492"
"13","Drégelypalánk","2646"
"13","Ecseg","3053"
"13","Egyházasdengeleg","3043"
"13","Egyházasgerge","3185"
"13","Endrefalva","3165"
"13","Erdőkürt","2176"
"13","Erdőtarcsa","2177"
"13","Érsekvadkert","2659"
"13","Etes","3136"
"13","Felsőpetény","2611"
"13","Felsőtold","3067"
"13","Galgaguta","2686"
"13","Garáb","3067"
"13","Héhalom","3041"
"13","Herencsény","2677"
"13","Hollóháza","3999"
"13","Homrogd","3812"
"13","Hont","2647"
"13","Hugyag","2672"
"13","Iliny","2675"
"13","Ipolytarnóc","3138"
"13","Ipolyvece","2669"
"13","Jobbágyi","3063"
"13","Kálló","2175"
"13","Karancsalja","3181"
"13","Karancsberény","3137"
"13","Karancskeszi","3183"
"13","Karancslapujtő","3182"
"13","Karancsság","3163"
"13","Kazár","3147"
"13","Kazár","3127"
"13","Keszeg","2616"
"13","Kétbodony","2655"
"13","Kisbágyon","3046"
"13","Kisbárkány","3075"
"13","Kisecset","2655"
"13","Kishartyán","3161"
"13","Kópháza","9495"
"13","Kurd","7226"
"13","Legénd","2619"
"13","Litke","3186"
"13","Lucfalva","3129"
"13","Ludányhalászi","3188"
"13","Magyargéc","3133"
"13","Magyarnándor","2694"
"13","Márkháza","3075"
"13","Mátramindszent","3155"
"13","Mátranovák","3144"
"13","Mátranovák","3143"
"13","Mátraszele","3142"
"13","Mátraszőlős","3068"
"13","Mátraterenye","3145"
"13","Mátraterenye","3146"
"13","Mátraverebély","3077"
"13","Mihálygerge","3184"
"3","Mohács","7700"
"13","Nagybárkány","3075"
"13","Nagykeresztúr","3129"
"13","Nagylóc","3175"
"13","Nagyoroszi","2645"
"13","Nemti","3152"
"13","Nézsa","2618"
"13","Nógrád","2642"
"13","Nógrádkövesd","2691"
"13","Nógrádmarcal","2675"
"13","Nógrádmegyer","3132"
"13","Nógrádsáp","2685"
"13","Nógrádsipek","3179"
"13","Nógrádszakál","3187"
"13","Novajidrány","3872"
"13","Öttevény","9153"
"4","Ózd","3625"
"13","Palotás","3042"
"13","Pásztó","3065"
"13","Pásztó","3082"
"13","Pásztó","3060"
"13","Patak","2648"
"13","Patvarc","2668"
"13","Piliny","3134"
"13","Püspökhatvan","2682"
"13","Rétság","2651"
"13","Rimóc","3177"
"13","Románd","8434"
"13","Ságújfalu","3162"
"13","Salgótarján","3102"
"13","Salgótarján","3109"
"13","Salgótarján","3121"
"13","Salgótarján","3104"
"13","Salgótarján","3141"
"13","Salgótarján","3100"
"13","Sámsonháza","3074"
"13","Sorkikápolna","9774"
"13","Szalmatercs","3163"
"13","Szanda","2697"
"13","Szarvasgede","3051"
"13","Szátok","2656"
"13","Szécsénke","2692"
"13","Szécsény","3170"
"13","Szécsényfelfalu","3135"
"13","Szendehely","2640"
"13","Szente","2655"
"13","Szilaspogony","3125"
"13","Szirák","3044"
"13","Szőcsi","3034"
"13","Szulimán","7932"
"13","Szőr","7735"
"13","Tar","3073"
"13","Terény","2696"
"13","Tereske","2652"
"13","Tolcsva","3934"
"13","Vanyarc","2688"
"13","Varsány","3178"
"13","Vizslás","3128"
"13","Zabar","3124"
"14","Abony","2740"
"14","Acsa","2683"
"14","Albertirsa","2730"
"14","Alsónémedi","2351"
"14","Apaj","2345"
"14","Áporka","2338"
"14","Aszód","2170"
"14","Bag","2191"
"14","Bénye","2216"
"14","Bernecebaráti","2639"
"14","Biatorbágy","2051"
"14","Budajenő","2093"
"14","Budakalász","2011"
"14","Budakeszi","2092"
"14","Budaörs","2040"
"14","Bugyi","2347"
"14","Cegléd","2738"
"14","Cegléd","2700"
"14","Ceglédbercel","2737"
"14","Csemő","2713"
"14","Csévharaszt","2212"
"14","Csobánka","2014"
"14","Csokvaomány","3647"
"14","Csörnyeföld","8873"
"14","Csővár","2615"
"14","Dabas","2373"
"14","Dabas","2371"
"14","Dabas","2370"
"14","Dánszentmiklós","2735"
"14","Dány","2118"
"14","Délegyháza","2337"
"14","Diósd","2049"
"14","Domaszék","6781"
"14","Dorog","2510"
"14","Dunabogdány","2023"
"14","Dunaharaszti","2330"
"14","Dunakeszi","2120"
"14","Dunavarsány","2336"
"14","Ecser","2233"
"14","Érd","2036"
"14","Érd","2035"
"14","Érd","2030"
"14","Erdőkertes","2113"
"14","Farmos","2765"
"14","Felsőpakony","2363"
"5","Fonyód","8640"
"14","Galgagyörk","2681"
"14","Galgahévíz","2193"
"14","Galgamácsa","2183"
"14","Gödöllő","2100"
"14","Golop","3906"
"14","Gomba","2217"
"14","Gombosszeg","8984"
"14","Gyál","2360"
"14","Gyöngyfa","7954"
"14","Halásztelek","2314"
"14","Herceghalom","2053"
"14","Hernád","2376"
"14","Hévízgyörk","2192"
"14","Iklad","2181"
"14","Inárcs","2365"
"14","Ipolydamásd","2631"
"14","Ipolytölgyes","2633"
"14","Isaszeg","2117"
"14","Jászkarajenő","2746"
"14","Kakucs","2366"
"14","Kartal","2173"
"14","Káva","2215"
"14","Kemence","2638"
"14","Kerepes","2145"
"14","Kerepes","2144"
"14","Kiskunlacháza","2340"
"14","Kismaros","2623"
"14","Kisnémedi","2165"
"14","Kisoroszi","2024"
"14","Kistarcsa","2143"
"14","Kocs","2898"
"14","Kocsola","7212"
"14","Kompolt","3356"
"14","Kondó","3775"
"14","Kőszegpaty","9739"
"14","Leányfalu","2016"
"14","Letkés","2632"
"14","Lónya","4836"
"14","Maglód","2234"
"14","Majosháza","2339"
"14","Makád","2322"
"14","Márianosztra","2629"
"14","Mende","2235"
"14","Mikebuda","2736"
"14","Mőcsény","7163"
"14","Monok","3905"
"10","Monor","2213"
"14","Nagybörzsöny","2634"
"14","Nagykáta","2760"
"14","Nagykónyi","7092"
"14","Nagykovácsi","2094"
"14","Nagymaros","2626"
"14","Nagytarcsa","2142"
"14","Nyáregyháza","2723"
"14","Nyársapát","2712"
"14","Öcs","8292"
"14","Oszkó","9825"
"4","Ózd","3604"
"14","Pánd","2214"
"14","Páty","2071"
"14","Pécel","2119"
"14","Penc","2614"
"14","Perbál","2074"
"14","Perőcsény","2637"
"14","Péteri","2209"
"14","Pilis","2721"
"14","Pilisborosjenő","2097"
"14","Piliscsaba","2087"
"14","Piliscsaba","2081"
"14","Pilisjászfalu","2080"
"14","Pilisszántó","2095"
"14","Pilisszentiván","2084"
"14","Pilisszentkereszt","2099"
"14","Pilisszentkereszt","2098"
"14","Pilisszentlászló","2009"
"14","Pilisvörösvár","2085"
"14","Pócsmegyer","2017"
"14","Pölöske","8929"
"14","Pusztaradvány","3874"
"14","Pusztaszemes","8619"
"14","Pusztavacs","2378"
"14","Putnok","3630"
"14","Ráckeve","2300"
"14","Rád","2613"
"14","Remeteszőlős","2094"
"14","Sóly","8193"
"14","Sormás","8881"
"14","Sümegcsehi","8357"
"14","Sümegprága","8351"
"14","Szada","2111"
"14","Százhalombatta","2440"
"14","Szentendre","2000"
"14","Szentlőrinckáta","2255"
"14","Szentmártonkáta","2254"
"14","Szigetbecse","2321"
"14","Szigetcsép","2317"
"14","Szigethalom","2315"
"14","Szigetmonostor","2015"
"14","Szigetszentmárton","2318"
"14","Szigetszentmiklós","2310"
"14","Szigetújfalu","2319"
"14","Szob","2628"
"14","Szőc","8452"
"14","Szőlősgyörök","8692"
"3","Szombathely","9707"
"14","Táborfalva","2381"
"14","Tahitótfalu","2022"
"14","Tahitótfalu","2021"
"14","Taksony","2335"
"14","Tápióbicske","2764"
"14","Tápiógyörgye","2767"
"14","Tápióság","2253"
"14","Tápiószecső","2251"
"14","Tápiószele","2766"
"14","Tápiószentmárton","2711"
"14","Tápiószőlős","2769"
"14","Tárnok","2461"
"14","Tatárszentgyörgy","2375"
"14","Telki","2089"
"14","Tésa","2635"
"14","Tinnye","2086"
"14","Tóalmás","2252"
"14","Torony","9791"
"14","Törtel","2747"
"14","Tótszentgyörgy","7981"
"14","Tótújfalu","7918"
"14","Tura","2194"
"14","Újhartyán","2367"
"14","Újlengyel","2724"
"14","Újszilvás","2768"
"14","Uraiújfalu","9651"
"14","Uszód","6332"
"14","Uzsa","8321"
"14","Vác","2600"
"14","Vácduka","2167"
"14","Vácegres","2184"
"14","Váchartyán","2164"
"14","Váckisújfalu","2185"
"14","Vácrátót","2163"
"14","Vácszentlászló","2115"
"14","Valkó","2114"
"14","Vámosmikola","2635"
"14","Vasad","2211"
"14","Vecsés","2220"
"14","Veresegyház","2112"
"14","Verőce","2621"
"14","Verseg","2174"
"14","Visegrád","2026"
"14","Visegrád","2025"
"14","Zebegény","2627"
"14","Zsámbék","2072"
"14","Zsámbok","2116"
"15","Ádánd","8653"
"15","Alsóbogát","7443"
"15","Andocs","8675"
"15","Babócsa","7584"
"15","Bábonymegyer","8658"
"15","Bakháza","7585"
"15","Balatonberény","8649"
"15","Balatonboglár","8691"
"15","Balatonboglár","8630"
"15","Balatonendréd","8613"
"15","Balatonfenyves","8646"
"15","Balatonföldvár","8623"
"15","Balatonkeresztúr","8648"
"15","Balatonlelle","8638"
"15","Balatonmáriafürdő","8647"
"15","Balatonőszöd","8637"
"15","Balatonszabadi","8651"
"15","Balatonszárszó","8624"
"15","Balatonszemes","8636"
"15","Balatonszentgyörgy","8710"
"15","Balatonújlak","8712"
"15","Bálványos","8614"
"15","Barcs","7557"
"15","Barcs","7570"
"15","Bárdudvarnok","7478"
"15","Baté","7258"
"15","Bedegkér","8666"
"15","Bélavár","7589"
"15","Beleg","7543"
"15","Berzence","7516"
"15","Bodolyabér","7394"
"15","Bokod","2855"
"15","Bököny","4231"
"15","Boldog","3016"
"15","Bősárkány","9167"
"15","Bozzai","9752"
"15","Bük","9740"
"15","Büttös","3821"
"15","Csákány","8735"
"15","Cserénfa","7472"
"15","Csögle","8495"
"15","Csokonyavisonta","7555"
"15","Csolnok","2521"
"15","Csopak","8229"
"15","Csór","8041"
"15","Csurgó","8840"
"15","Csurgónagymarton","8840"
"15","Darány","7988"
"15","Drávagárdony","7977"
"15","Drávatamási","7979"
"15","Ecseny","7457"
"15","Edde","7443"
"15","Felsőmocsolád","7456"
"15","Fiad","7282"
"15","Földes","4177"
"15","Fonó","7271"
"15","Fony","3893"
"15","Fót","2151"
"15","Gadács","7276"
"15","Gadány","8716"
"15","Gálosfa","7473"
"15","Gamás","8685"
"15","Gige","7527"
"15","Göncruszka","3894"
"15","Gősfa","8913"
"15","Gyékényes","8851"
"15","Gyugy","8692"
"15","Hács","8694"
"15","Hajmás","7473"
"15","Háromfa","7585"
"15","Hedrehely","7533"
"15","Hencse","7532"
"15","Heresznye","7587"
"15","Hetes","7432"
"15","Hőgyész","7191"
"15","Homokmégy","6341"
"15","Hosszúpereszteg","9676"
"15","Igal","7275"
"15","Iharos","8726"
"15","Iharosberény","8725"
"15","Inke","8724"
"15","Istvándi","7987"
"15","Jákó","7525"
"15","Juta","7431"
"15","Kadarkút","7530"
"15","Kálmáncsa","7538"
"15","Kánya","8667"
"15","Kapoly","8671"
"15","Kaposfő","7523"
"15","Kaposgyarmat","7473"
"15","Kaposhomok","7261"
"15","Kaposkeresztúr","7258"
"15","Kaposmérő","7521"
"15","Kaposszerdahely","7476"
"15","Kaposújlak","7522"
"15","Kaposvár","7400"
"15","Kára","7285"
"15","Karád","8676"
"15","Kastélyosdombó","7977"
"15","Kaszó","7564"
"15","Kazsok","7274"
"15","Kelevíz","8714"
"15","Kercseliget","7256"
"15","Kereki","8618"
"15","Kéthely","8713"
"15","Kisasszond","7523"
"15","Kisbajom","7542"
"15","Kisbárapáti","7282"
"15","Kisberény","8693"
"15","Kisgyalán","7279"
"15","Kisköre","3384"
"5","Komárom","2903"
"15","Köröm","3577"
"15","Kóspallag","2625"
"15","Kővágóörs","8254"
"15","Kupa","3813"
"15","Lábod","7551"
"15","Lad","7535"
"15","Lakócsa","7918"
"15","Látrány","8681"
"15","Lengyeltóti","8693"
"15","Libickozma","8707"
"15","Lulla","8660"
"15","Magyaratád","7463"
"15","Magyaregres","7441"
"15","Marcali","8714"
"15","Marcali","8709"
"15","Marcali","8700"
"15","Mernye","7453"
"15","Mesztegnyő","8716"
"15","Mezőcsokonya","7434"
"15","Mike","7512"
"15","Miklósi","7286"
"15","Mórichida","9131"
"15","Nágocs","8674"
"15","Nagyatád","7500"
"15","Nagybajom","7561"
"15","Nagyberény","8656"
"15","Nagyberki","7255"
"15","Nagycsepely","8628"
"15","Nagykölked","9784"
"15","Nagyszakácsi","8739"
"15","Nemesdéd","8722"
"15","Nemeskisfalud","8717"
"15","Nemesvid","8738"
"15","Nikla","8706"
"15","Nyim","8612"
"15","Ömböly","4373"
"15","Onga","3562"
"15","Örménykút","5556"
"15","Osztopán","7444"
"4","Ózd","3603"
"15","Ozora","7086"
"15","Pálmajor","7561"
"15","Pamuk","8698"
"15","Patalom","7463"
"15","Patca","7477"
"15","Patosfa","7536"
"15","Péterhida","7582"
"15","Pogányszentpéter","8728"
"15","Polány","7458"
"15","Pördefölde","8956"
"15","Pornóapáti","9796"
"15","Poroszló","3388"
"15","Porrogszentpál","8858"
"15","Pusztadobos","4565"
"15","Pusztamiske","8455"
"15","Ráksi","7464"
"15","Rinyabesenyő","7552"
"15","Rinyakovácsi","7527"
"15","Rinyaszentkirály","7513"
"15","Rinyaújlak","7556"
"15","Rinyaújnép","7584"
"15","Ságvár","8654"
"15","Sántos","7479"
"15","Sávoly","8732"
"15","Segesd","7562"
"15","Sérsekszőlős","8660"
"15","Simonfa","7474"
"15","Siófok","8611"
"15","Siófok","8609"
"15","Siófok","8600"
"15","Siójut","8652"
"15","Solymár","2083"
"15","Somlóvecse","8484"
"15","Somodor","7454"
"15","Somogyapáti","7922"
"15","Somogyaracs","7584"
"15","Somogyaszaló","7452"
"15","Somogybabod","8684"
"15","Somogybükkösd","8858"
"15","Somogycsicsó","8726"
"15","Somogydöröcske","7284"
"15","Somogyegres","8666"
"15","Somogyfajsz","8708"
"15","Somogyhatvan","7921"
"15","Somogyjád","7443"
"15","Somogymeggyes","8673"
"15","Somogysámson","8733"
"15","Somogysárd","7435"
"15","Somogysimonyi","8737"
"15","Somogyszentpál","8705"
"15","Somogyszil","7276"
"15","Somogyszob","7563"
"15","Somogytúr","8683"
"15","Somogyudvarhely","7515"
"15","Somogyvámos","8699"
"15","Somogyviszló","7924"
"15","Szabadi","7253"
"15","Szabás","7544"
"15","Szántód","8622"
"15","Szegerdő","8732"
"15","Szenna","7477"
"15","Szenta","8849"
"15","Szentbalázs","7472"
"15","Szentborbás","7918"
"15","Szentgáloskér","7465"
"15","Szenyér","8717"
"15","Szilvásvárad","3348"
"15","Szőce","9935"
"15","Szolnok","5008"
"15","Szomolya","3411"
"15","Szörény","7976"
"15","Szuhogy","3734"
"15","Tab","8660"
"15","Tapsony","8718"
"15","Tarany","7514"
"15","Táska","8696"
"15","Taszár","7261"
"15","Teleki","8626"
"15","Tengőd","8668"
"15","Tikos","8731"
"15","Tornaszentjakab","3769"
"15","Törökszentmiklós","5212"
"15","Tótszentmárton","8865"
"15","Újvárfalva","7436"
"15","Varászló","8723"
"15","Várda","7442"
"15","Vése","8721"
"15","Visnye","7533"
"15","Visz","8681"
"15","Vízvár","7588"
"15","Vörs","8711"
"15","Zákány","8853"
"15","Zala","8660"
"15","Zamárdi","8621"
"15","Zics","8672"
"15","Zimány","7471"
"15","Zselickisfalud","7477"
"15","Zselickislak","7400"
"15","Zselicszentpál","7474"
"16","Ajak","4524"
"16","Anarcs","4546"
"16","Apagy","4553"
"16","Aranyosapáti","4634"
"16","Baktalórántháza","4561"
"16","Balkány","4233"
"16","Balsa","4468"
"16","Barabás","4937"
"16","Bátorliget","4343"
"16","Benk","4643"
"16","Beregdaróc","4934"
"16","Beregsurány","4933"
"16","Berkesz","4521"
"16","Besenyőd","4557"
"16","Beszterec","4488"
"16","Biri","4235"
"16","Borsodbóta","3658"
"16","Bosta","7811"
"16","Buj","4483"
"16","Cégénydányád","4732"
"16","Csaholc","4967"
"16","Csaroda","4844"
"16","Császló","4973"
"16","Csegöld","4742"
"16","Csenger","4765"
"16","Csengersima","4743"
"16","Csengerújfalu","4764"
"16","Darnó","4737"
"16","Demecser","4516"
"16","Domaháza","3627"
"16","Dörgicse","8244"
"16","Encsencs","4374"
"16","Eperjeske","4646"
"16","Érpatak","4245"
"16","Fábiánháza","4354"
"16","Fehérgyarmat","4900"
"16","Fényeslitke","4621"
"16","Fülöp","4266"
"16","Fürged","7087"
"16","Gacsály","4972"
"16","Garbolc","4976"
"16","Gávavencsellő","4471"
"16","Gávavencsellő","4472"
"16","Géberjén","4754"
"16","Gégény","4517"
"16","Gelénes","4935"
"16","Gemzse","4567"
"16","Geszteréd","4232"
"16","Gulács","4842"
"16","Győröcske","4625"
"16","Győrtelek","4752"
"4","Gyula","5700"
"16","Gyüre","4813"
"16","Gyúró","2464"
"16","Hermánszeg","4735"
"16","Hetefejércse","4843"
"16","Hodász","4334"
"16","Ibrány","4484"
"16","Ilk","4566"
"16","Jánd","4841"
"16","Jánkmajtis","4741"
"16","Jármi","4337"
"16","Jéke","4611"
"16","Kállósemjén","4324"
"16","Kálmánháza","4434"
"16","Kántorjánosi","4335"
"16","Kék","4515"
"16","Kékcse","4494"
"16","Kemecse","4501"
"16","Kérsemjén","4912"
"16","Kisar","4921"
"16","Kishódos","4977"
"16","Kisléta","4325"
"16","Kisnamény","4737"
"16","Kispalád","4956"
"16","Kisszekeres","4963"
"16","Kisvárda","4600"
"16","Kisvarsány","4811"
"16","Köcsk","9553"
"16","Komádi","4138"
"5","Komárom","2900"
"16","Kondorfa","9943"
"16","Koroncó","9113"
"16","Körösszakál","4136"
"16","Laskod","4543"
"16","Levelek","4555"
"16","Lókút","8425"
"16","Lövőpetri","4633"
"16","Magosliget","4953"
"16","Magy","4556"
"16","Mánd","4942"
"16","Mándok","4644"
"16","Máriapócs","4326"
"16","Márokpapi","4932"
"16","Mátészalka","4700"
"16","Mátyus","4835"
"16","Méhtelek","4975"
"16","Mérk","4352"
"16","Mezőladány","4641"
"16","Milota","4948"
"16","Nábrád","4911"
"16","Nagyar","4922"
"16","Nagycserkesz","4445"
"16","Nagydobos","4823"
"16","Nagyecsed","4355"
"16","Nagyhalász","4485"
"16","Nagyhódos","4977"
"16","Nagykálló","4320"
"16","Nagyszekeres","4962"
"16","Nagyvarsány","4812"
"16","Napkor","4552"
"16","Nemesbőd","9749"
"16","Nyírbátor","4300"
"16","Nyírbéltek","4372"
"16","Nyírbogát","4361"
"16","Nyírbogdány","4511"
"16","Nyírcsaholy","4356"
"16","Nyírcsászári","4331"
"16","Nyírderzs","4332"
"16","Nyíregyháza","4405"
"16","Nyíregyháza","4246"
"16","Nyíregyháza","4433"
"16","Nyíregyháza","4412"
"16","Nyíregyháza","4432"
"16","Nyíregyháza","4551"
"16","Nyíregyháza","4431"
"16","Nyíregyháza","4481"
"16","Nyíregyháza","4400"
"16","Nyírgelse","4362"
"16","Nyírgyulaj","4311"
"16","Nyíribrony","4535"
"16","Nyírjákó","4541"
"16","Nyírkarász","4544"
"16","Nyírkáta","4333"
"16","Nyírkércs","4537"
"16","Nyírlövő","4632"
"16","Nyírlugos","4371"
"16","Nyírmada","4564"
"16","Nyírmeggyes","4722"
"16","Nyírmihálydi","4363"
"16","Nyírparasznya","4822"
"16","Nyírpazony","4531"
"16","Nyírpilis","4376"
"16","Nyírtass","4522"
"16","Nyírtelek","4461"
"16","Nyírtét","4554"
"16","Nyírtura","4532"
"16","Nyírvasvári","4341"
"16","őcsény","7143"
"16","Olasz","7745"
"16","Olaszfa","9824"
"16","Old","7824"
"16","Öskü","8191"
"16","Ostffyasszonyfa","9512"
"16","Ostoros","3326"
"16","Panyola","4913"
"16","Pap","4631"
"16","Papos","4338"
"16","Paszab","4475"
"16","Pátroha","4523"
"16","Pátyod","4766"
"16","Penészlek","4267"
"16","PénzesGyőr","8426"
"16","Petneháza","4542"
"16","Piricse","4375"
"16","Pócspetri","4327"
"16","Pölöskefő","8773"
"16","Püspökszilágy","2166"
"16","Rakamaz","4465"
"16","Ramocsaháza","4536"
"16","Rápolt","4756"
"16","Rétközberencs","4525"
"16","Rohod","4563"
"16","Rönök","9954"
"16","Sényő","4533"
"16","Somogyzsitfa","8734"
"16","Szabolcs","4467"
"16","Szabolcsbáka","4547"
"16","Szabolcsveresmart","4496"
"16","Szakoly","4234"
"16","Szamosangyalos","4767"
"16","Szamosbecs","4745"
"16","Szamoskér","4721"
"16","Szamossályi","4735"
"16","Szamosszeg","4824"
"16","Szamostatárfalva","4746"
"16","Szamosújlak","4734"
"16","Szatmárcseke","4945"
"16","Székely","4534"
"16","Tákos","4845"
"16","Tarpa","4931"
"16","Terem","4342"
"16","Tiborszállás","4353"
"16","Timár","4466"
"16","Tiszaadony","4833"
"16","Tiszabecs","4951"
"16","Tiszabercel","4474"
"16","Tiszabezdéd","4624"
"16","Tiszacsécse","4947"
"16","Tiszadada","4455"
"16","Tiszadob","4456"
"16","Tiszaeszlár","4446"
"16","Tiszaeszlár","4464"
"16","Tiszakanyár","4493"
"16","Tiszakerecseny","4834"
"16","Tiszakóród","4946"
"16","Tiszalök","4447"
"16","Tiszalök","4450"
"16","Tiszamogyorós","4645"
"16","Tiszanagyfalu","4463"
"16","Tiszarád","4503"
"16","Tiszaszalka","4831"
"16","Tiszaszentmárton","4628"
"16","Tiszatelek","4486"
"16","Tiszatelek","4487"
"16","Tiszavasvári","4440"
"16","Tiszavid","4832"
"16","Tisztaberek","4969"
"16","Tivadar","4921"
"16","Tornanádaska","3767"
"16","Tunyogmatolcs","4731"
"16","Túristvándi","4944"
"16","Túrony","7811"
"16","Túrricse","4968"
"16","Tyukod","4762"
"16","Újdombrád","4491"
"16","Újfehértó","4244"
"16","Újkenéz","4635"
"16","Úny","2528"
"16","Úri","2244"
"16","Vaja","4562"
"16","Vállaj","4351"
"16","Vámosatya","4936"
"16","Vámosoroszi","4966"
"16","Vásárosnamény","4803"
"16","Vásárosnamény","4804"
"16","Vásárosnamény","4800"
"16","Vasmegyer","4502"
"16","Záhony","4625"
"16","Zajta","4974"
"16","Zsarolyán","4961"
"16","Zsurk","4627"
"17","Alsónána","7147"
"17","Alsónyék","7148"
"17","Aparhant","7186"
"17","Attala","7252"
"17","Báta","7149"
"17","Bátaapáti","7164"
"17","Bátaszék","7140"
"17","Belecska","7061"
"17","Bikács","7043"
"17","Bogács","3412"
"17","Boldogasszonyfa","7937"
"17","Boldogkőújfalu","3884"
"17","Boldogkőváralja","3885"
"17","Bőszénfa","7475"
"17","Cikó","7161"
"17","Csibrák","7225"
"17","Csikóstőttős","7341"
"17","Dalmand","7211"
"17","Decs","7144"
"17","Diósberény","7072"
"17","Döge","4495"
"17","Dömsöd","2344"
"17","Dunaföldvár","7020"
"17","Dunaszentgyörgy","7135"
"17","Dúzs","7224"
"17","Értény","7093"
"17","Fácánkert","7136"
"17","Fadd","7139"
"17","Fadd","7133"
"17","Felsőnána","7175"
"17","Felsőnyék","7099"
"17","Furta","4141"
"17","Gerjen","7134"
"17","Grábóc","7162"
"8","Győr","9019"
"17","Györgytarló","3954"
"17","Győrladamér","9173"
"17","Gyulaháza","4545"
"17","Harc","7172"
"17","Hottó","8991"
"17","Iregszemcse","7095"
"17","Izmény","7353"
"17","Jágónak","7362"
"17","Kajdacs","7051"
"17","Kakasd","7122"
"17","Kalaznó","7194"
"17","Kapospula","7251"
"17","Kaposszekcső","7361"
"17","Keszőhidegkút","7062"
"17","Kéty","7174"
"17","Kisdorog","7159"
"17","Kismányok","7356"
"17","Kisszékely","7082"
"17","Kistormás","7068"
"17","Kisvejke","7183"
"17","Kocsér","2755"
"17","Komlóska","3937"
"17","Kórós","7841"
"17","Kunszentmiklós","6090"
"17","Lápafő","7214"
"17","Lengyel","7184"
"17","Madocsa","7026"
"17","Magyarkeszi","7098"
"17","Medina","7057"
"17","Miszla","7065"
"17","Mór","8060"
"17","Mozsgó","7932"
"17","Mucsfa","7185"
"17","Mucsi","7195"
"17","Murga","7176"
"17","Nagydorog","7044"
"17","Nagykökényes","3012"
"17","Nagymányok","7355"
"17","Nagyszékely","7085"
"17","Nagyszokoly","7097"
"17","Nagyvejke","7186"
"17","Nak","7215"
"17","Németkér","7039"
"17","őrtilos","8854"
"17","ősagárd","2610"
"17","Paks","7027"
"17","Paks","7030"
"17","Pálfa","7042"
"17","Pincehely","7084"
"17","Potony","7977"
"17","Pusztacsó","9739"
"17","Regöly","7193"
"17","Sárpilis","7145"
"17","Sárszentlőrinc","7047"
"17","Simontornya","7081"
"17","Sióagárd","7171"
"17","Szakadát","7071"
"17","Szakály","7192"
"17","Szakcs","7213"
"17","Szálka","7121"
"17","Szárazd","7063"
"17","Szedres","7056"
"17","Szekszárd","7100"
"17","Tamási","7091"
"17","Tamási","7090"
"17","Tengelic","7054"
"17","Tevel","7181"
"17","Told","4117"
"17","Tolmács","2657"
"11","Tolna","7131"
"17","Udvari","7066"
"17","Újireg","7095"
"17","Váralja","7354"
"17","Várdomb","7146"
"17","Várong","7214"
"17","Varsád","7067"
"17","Závod","7182"
"17","Zomba","7173"
"18","Acsád","9746"
"18","Alsószölnök","9983"
"18","Alsóújlak","9842"
"18","Andrásfa","9811"
"18","Apátistvánfalva","9982"
"18","Bajánsenye","9944"
"18","Balogunyom","9771"
"18","Bejcgyertyános","9683"
"18","Bérbaltavár","9831"
"18","Bő","9625"
"18","Bolhás","7517"
"18","Borsodivánka","3462"
"5","Borsodnádasd","3672"
"18","Borsodszentgyörgy","3623"
"18","Borzavár","8428"
"18","Börzönce","8772"
"18","Bucsu","9792"
"15","Bük","9737"
"18","Bükkábrány","3422"
"18","Cák","9725"
"18","Celldömölk","9541"
"18","Celldömölk","9500"
"18","Chernelházadamonya","9624"
"18","Csákánydoroszló","9919"
"18","Csánig","9654"
"18","Csehi","9833"
"18","Csehimindszent","9834"
"18","Csempeszkopács","9764"
"18","Csénye","9611"
"18","Csepreg","9735"
"18","Csipkerek","9836"
"18","Csörötnek","9962"
"18","Csősz","8122"
"18","Daraboshegy","9917"
"18","Domony","2182"
"18","Dömös","2027"
"18","Dötk","8799"
"18","Duka","9556"
"18","Egervölgy","9684"
"18","Egyházashetye","9554"
"18","Egyházashollós","9781"
"18","Egyházasrádóc","9783"
"18","Felsőcsatár","9794"
"18","Felsőjánosfa","9934"
"18","Felsőmarác","9918"
"18","Felsőszölnök","9985"
"18","Gasztony","9952"
"18","Gencsapáti","9721"
"18","Gérce","9672"
"18","Gersekarát","9813"
"18","Gödre","7385"
"18","Gyanógeregye","9774"
"18","Gyöngyöshalász","3212"
"18","Győrvár","9821"
"18","Halastó","9814"
"18","Halogy","9917"
"18","Harasztifalu","9784"
"18","Hegyfalu","9631"
"18","Hegyháthodász","9915"
"18","Hegyhátsál","9915"
"18","Hegyhátszentjakab","9934"
"18","Hegyhátszentmárton","9931"
"18","Hegyhátszentpéter","9826"
"18","Horváthertelend","7935"
"18","Horvátlövő","9796"
"18","Hosszúpályi","4274"
"18","Ikervár","9756"
"18","Iklanberény","9634"
"18","Ispánk","9941"
"18","Ivánc","9931"
"18","Ják","9798"
"18","Jákfa","9643"
"18","Jánosháza","9545"
"18","Káld","9673"
"18","Kám","9841"
"18","Karakó","9547"
"18","Katafa","9915"
"18","Keléd","9549"
"18","Kemeneskápolna","9553"
"18","Kemenesmagasi","9522"
"18","Kemenesmihályfa","9511"
"18","Kemenespálfa","9544"
"18","Kemenessömjén","9517"
"18","Kemenesszentmárton","9521"
"18","Kemestaródfa","9923"
"18","Kenéz","9752"
"18","Kenyeri","9514"
"18","Kercaszomor","9945"
"18","Kerkáskápolna","9944"
"18","Kétvölgy","9982"
"18","Kisrákos","9936"
"18","Kissomlyó","9555"
"18","Kisunyom","9772"
"18","Kiszsidány","9733"
"4","Kömlő","7300"
"3","Körmend","9900"
"18","Köröstarcsa","5622"
"18","Kőröstetétlen","2745"
"18","Kőtelek","5062"
"18","Kovácshida","7847"
"18","Kovácsszénája","7678"
"18","Kovácsvágás","3992"
"18","Lócs","9634"
"18","Lukácsháza","9724"
"18","Magyarlak","9962"
"18","Magyarnádalja","9909"
"18","Magyarszecsőd","9912"
"18","Magyarszombatfa","9946"
"18","Meggyeskovácsi","9757"
"18","Megyehid","9754"
"18","Mersevát","9531"
"18","Mesterháza","9662"
"18","Mesteri","9551"
"18","Meszlen","9745"
"18","Mikosszéplak","9835"
"18","Molnári","8863"
"18","Nádasd","9915"
"18","Nagygeresd","9664"
"18","Nagykörő","5065"
"18","Nagymizdó","9913"
"18","Nagyrákos","9938"
"18","Nagysimonyi","9561"
"18","Nagytilaj","9832"
"18","Nárai","9797"
"18","Narda","9793"
"18","Nemesborzova","4942"
"18","Nemescsó","9739"
"18","Nemeskeresztúr","9548"
"18","Nemeskocs","9542"
"18","Nemeskolta","9775"
"18","Nemesládony","9663"
"18","Nemesmedves","9953"
"18","Nemesrempehollós","9782"
"18","Nick","9652"
"18","Nyomár","3795"
"18","Okorág","7957"
"18","Olaszliszka","3933"
"18","Ópályi","4821"
"18","őriszentpéter","9941"
"18","Ormándlak","8983"
"18","Osli","9354"
"18","Öttömös","6784"
"18","Ötvöskónyi","7511"
"18","Pácsony","9823"
"18","Pankasz","9937"
"18","Pápoc","9515"
"18","Pecöl","9754"
"18","Perenye","9722"
"18","Peresznye","9734"
"18","Petőmihályfa","9826"
"18","Pinkamindszent","9922"
"18","Pomáz","2013"
"18","Porcsalma","4761"
"18","Porrogszentkirály","8858"
"18","Püspökmolnári","9776"
"18","Pusztazámor","2039"
"18","Rábagyarmat","9961"
"18","Rábahidvég","9777"
"18","Rábapaty","9641"
"18","Rábatöttös","9766"
"18","Rádóckölked","9784"
"18","Rátót","9951"
"18","Répcelak","9653"
"18","Répceszentgyörgy","9623"
"18","Rozsály","4971"
"18","Rum","9766"
"18","Sajtoskál","9632"
"18","Salköveskút","9742"
"18","Sárfimizdó","9813"
"18","Sárvár","9609"
"18","Sárvár","9608"
"18","Sárvár","9600"
"18","Sé","9789"
"18","Simaság","9633"
"18","Sitke","9671"
"18","Sopronnémeti","9325"
"18","Söpte","9743"
"18","Sorkifalud","9774"
"18","Sóskút","2038"
"18","Sósvertike","7960"
"18","Szaknyér","9934"
"18","Szakonyfalu","9983"
"18","Szalafő","9942"
"18","Szarvaskend","9913"
"18","Szatta","9938"
"18","Szeleste","9622"
"18","Szemenye","9685"
"18","Szentgotthárd","9981"
"18","Szentgotthárd","9955"
"18","Szentgotthárd","9970"
"18","Szentpéterfa","9799"
"18","Szergény","9523"
"18","Szögliget","3762"
"18","Szőke","7833"
"18","Szőkéd","7763"
"18","Szőlősardó","3757"
"18","Tanakajd","9762"
"18","Táplánszentkereszt","9761"
"18","Telekes","9812"
"18","Tokodaltáró","2532"
"18","Tomajmonostora","5324"
"18","Tompa","6422"
"18","Tornaszentandrás","3765"
"18","Tószeg","5091"
"18","Uppony","3622"
"18","Vámoscsalád","9665"
"18","Vasalja","9921"
"18","Vásárosmiske","9552"
"18","Vasasszonyfa","9744"
"18","Vasegerszeg","9661"
"18","Vashosszúfalu","9674"
"18","Vaskeresztes","9795"
"18","Vassurány","9741"
"18","Vasszécseny","9763"
"18","Vasszentmihály","9953"
"18","Vasszilvágy","9747"
"18","Vasvár","9800"
"18","Vát","9748"
"18","Velem","9726"
"18","Velemér","9946"
"18","Vép","9751"
"18","Viszák","9932"
"18","Vönöck","9516"
"18","Zsédeny","9635"
"18","Zsennye","9766"
"19","Ábrahámhegy","8256"
"19","Adásztevel","8561"
"19","Adorjánháza","8497"
"19","Ajka","8447"
"19","Ajka","8448"
"19","Ajka","8451"
"19","Ajka","8400"
"19","Alsóörs","8226"
"19","Apácatorna","8477"
"19","Aszófő","8241"
"19","Badacsonytomaj","8261"
"19","Badacsonytomaj","8257"
"19","Badacsonytomaj","8258"
"19","Badacsonytördemic","8262"
"19","Badacsonytördemic","8263"
"19","Bakonybél","8427"
"19","Bakonygyirót","8433"
"19","Bakonyjákó","8581"
"19","Bakonykoppány","8571"
"19","Bakonynána","8422"
"19","Bakonyoszlop","8418"
"19","Bakonypölöske","8457"
"19","Bakonyság","8557"
"19","Bakonyszentiván","8557"
"19","Bakonyszentkirály","8430"
"19","Bakonyszentlászló","8431"
"19","Bakonyszücs","8572"
"19","Bakonytamási","8555"
"19","Balatonakali","8243"
"19","Balatonalmádi","8220"
"19","Balatoncsicsó","8272"
"19","Balatonederics","8312"
"19","Balatonfőkajár","8164"
"19","Balatonfüred","8236"
"19","Balatonfüred","8230"
"19","Balatonfűzfő","8184"
"19","Balatonfűzfő","8175"
"19","Balatonhenye","8275"
"19","Balatonkenese","8172"
"19","Balatonkenese","8174"
"19","Balatonrendes","8255"
"19","Balatonszepezd","8252"
"19","Balatonszőlős","8233"
"19","Balatonudvari","8242"
"19","Balatonvilágos","8171"
"19","Bánd","8443"
"19","Barnag","8291"
"19","Bazsi","8352"
"19","Béb","8565"
"19","Békás","8515"
"19","Berhida","8182"
"19","Berhida","8181"
"19","Bodmér","8085"
"19","Borjád","7756"
"19","Borota","6445"
"19","Csabrendek","8474"
"19","Csajág","8163"
"19","Csehbánya","8445"
"19","Csesznek","8419"
"19","Csetény","8417"
"19","Csömend","8700"
"19","Csongrád","6648"
"19","Csonkahegyhát","8918"
"19","Dabronc","8345"
"19","Dabrony","8485"
"19","Dáka","8592"
"19","Devecser","8460"
"19","Doba","8482"
"19","Dör","9147"
"19","Döröske","9913"
"19","Dudar","8416"
"19","Egeralja","8497"
"19","Egyházaskesző","8523"
"19","Eplény","8413"
"19","Farkasgyepű","8582"
"19","Felsőörs","8227"
"19","Fenyőfő","8432"
"19","Ganna","8597"
"19","Gecse","8543"
"19","Gic","8435"
"5","Göd","2131"
"19","Gyepükaján","8473"
"19","Gyulaj","7227"
"19","Hajmáskér","8192"
"19","Halimba","8452"
"19","Hárskút","8442"
"19","Hegyesd","8296"
"19","Hegymagas","8265"
"19","Herend","8440"
"19","Hetyefő","8344"
"19","Hidegkút","8247"
"19","Hollókő","3176"
"19","Hosszúvölgy","8777"
"19","Iszkáz","8493"
"19","Jásd","8424"
"19","Kamond","8469"
"19","Kapolcs","8294"
"19","Káptalanfa","8471"
"19","Káptalantóti","8283"
"19","Karakószörcsök","8491"
"19","Kékkút","8254"
"19","Kemeneshőgyész","8516"
"19","Kemenesszentpéter","8518"
"19","Kerta","8492"
"19","Királyszentistván","8195"
"19","Kisapáti","8284"
"19","Kisberzseny","8477"
"19","Kiscsősz","8494"
"19","Kislőd","8446"
"19","Kispirit","8496"
"19","Kisszőlős","8483"
"19","Kóka","2243"
"19","Kövegy","6912"
"19","Kozmadombja","8988"
"5","Kunszentmárton","5449"
"19","Kutas","7541"
"19","Kutasó","3066"
"19","Lesencefalu","8318"
"19","Lesenceistvánd","8319"
"19","Lesencetomaj","8318"
"19","Litér","8196"
"19","Lőkösháza","5743"
"3","Lőrinci","3022"
"19","Lovas","8228"
"19","Magyargencs","8517"
"19","Magyarpolány","8449"
"19","Malomsok","8533"
"19","Marcalgergelyi","9534"
"19","Marcaltő","8531"
"19","Marcaltő","8532"
"19","Márkó","8441"
"19","Megyer","8348"
"19","Mencshely","8271"
"19","Mezőlak","8514"
"19","Mihályháza","8513"
"19","Mindszentkálla","8282"
"19","Mónosbél","3345"
"19","Monostorpályi","4275"
"19","Nagyacsád","8521"
"19","Nagyalásony","8484"
"19","Nagydém","8554"
"19","Nagyesztergár","8415"
"19","Nagygyimót","8551"
"19","Nagypirit","8496"
"19","Nagytevel","8562"
"19","Nagyvázsony","8291"
"19","Nemesgörzsöny","8522"
"19","Nemesgulács","8284"
"19","Nemeshany","8471"
"19","Nemesszalók","9533"
"19","Nemesvámos","8248"
"19","Nemesvita","8311"
"19","Németbánya","8581"
"19","Nóráp","8591"
"19","Noszlop","8456"
"19","Nyárád","8512"
"19","Nyirád","8454"
"19","Óbudavár","8272"
"19","Ököritófülpös","4755"
"19","Öreglak","8697"
"19","Örvényes","8242"
"4","Ózd","3662"
"4","Ózd","3621"
"4","Ózd","3600"
"19","Paloznak","8229"
"19","Pápa","8511"
"19","Pápa","8591"
"19","Pápa","8598"
"19","Pápa","8500"
"19","Pápadereske","8593"
"19","Pápakovácsi","8596"
"19","Pápasalamon","8594"
"19","Pápateszér","8556"
"19","Papkeszi","8183"
"19","Pécsely","8245"
"19","Penyige","4941"
"19","Pétfürdő","8105"
"19","Porrog","8858"
"19","Pula","8291"
"19","Pusztaföldvár","5919"
"19","Raposka","8300"
"19","Révfülöp","8253"
"19","Rigács","8348"
"19","Röjtökmuzsaj","9451"
"19","Salföld","8256"
"19","Sáska","8308"
"19","Sikátor","8439"
"19","Soltvadkert","6230"
"19","Somberek","7728"
"19","Somlójenő","8478"
"19","Somlószőlős","8483"
"19","Somlóvásárhely","8481"
"19","Sumony","7960"
"19","Surd","8856"
"19","Szápár","8423"
"19","Szentantalfa","8272"
"19","Szentbékkálla","8281"
"19","Szentgál","8444"
"19","Szentimrefalva","8475"
"19","Szentjakabfa","8272"
"19","Szentkirályszabadja","8225"
"19","Szigliget","8264"
"15","Szolnok","5000"
"19","Tagyon","8272"
"19","Takácsi","8541"
"19","Taliándörögd","8295"
"19","Tapolca","8297"
"19","Tapolca","8300"
"19","Tés","8109"
"19","Tihany","8237"
"15","Törökszentmiklós","5200"
"19","Tuzsér","4623"
"19","Ugod","8564"
"19","Ukk","8347"
"19","Úrhida","8142"
"19","Üröm","2096"
"19","Vanyola","8552"
"19","Várkesző","8523"
"19","Városlőd","8445"
"19","Várpalota","8103"
"19","Várpalota","8104"
"19","Várpalota","8100"
"19","Vászoly","8245"
"19","Vaszar","8542"
"19","Veszprém","8412"
"19","Veszprém","8411"
"19","Veszprém","8200"
"19","Veszprémfajsz","8248"
"19","Veszprémgalsa","8475"
"19","Veszprémvarsány","8438"
"19","Vid","8484"
"19","Vigántpetend","8294"
"19","Vilonya","8194"
"19","Vinár","9535"
"19","Vöröstó","8291"
"19","Zalaerdőd","8344"
"19","Zalagyömörő","8349"
"19","Zalahaláp","8308"
"19","Zalameggyes","8348"
"19","Zalaszegvár","8476"
"19","Zánka","8251"
"19","Zirc","8420"
"20","Alibánfa","8921"
"20","Almásháza","8935"
"20","Alsónemesapáti","8924"
"20","Alsópáhok","8394"
"20","Alsórajk","8767"
"20","Alsószenterzsébet","8973"
"20","Babosdöbréte","8983"
"20","Baglad","8977"
"20","Bagod","8992"
"20","Bak","8945"
"20","Baktüttös","8946"
"20","Balatongyörök","8313"
"20","Balatonmagyaród","8753"
"20","Bánokszentgyörgy","8891"
"20","Barlahida","8948"
"20","Batyk","8797"
"20","Bázakerettye","8887"
"20","Becsehely","8866"
"20","Becsvölgye","8985"
"20","Belezna","8855"
"20","Belsősárd","8978"
"20","Bezeréd","8934"
"20","Boba","9542"
"20","Bőcs","3574"
"20","Bogdása","7966"
"20","Bölcske","7025"
"20","Boncodfölde","8992"
"20","Borsosberény","2644"
"20","Borszörcsök","8479"
"20","Bozsok","9727"
"20","Bucsuszentlászló","8925"
"20","Bucsuta","8893"
"20","Csapi","8756"
"20","Csatár","8943"
"20","Cserszegtomaj","8372"
"20","Csertalakos","8951"
"20","Csesztreg","8973"
"20","Csomád","2161"
"19","Csongrád","6640"
"20","Csorna","9300"
"20","Csorvás","5920"
"20","Dióskál","8764"
"20","Doboz","5624"
"20","Dobri","8874"
"20","Domoszló","3263"
"20","Dövény","3721"
"20","Egeraracsa","8765"
"20","Egervár","8913"
"20","Eszteregnye","8882"
"20","Esztergályhorváti","8742"
"20","Felsőpáhok","8380"
"20","Felsőrajk","8767"
"20","Felsőszenterzsébet","8973"
"20","Fityeház","8835"
"20","Füzvölgy","8777"
"20","Gáborjánháza","8969"
"20","Galambok","8754"
"20","Garabonc","8747"
"20","Gellénháza","8981"
"20","Gelse","8774"
"20","Gelsesziget","8774"
"20","Gétye","8762"
"18","Gödre","7386"
"20","Gölle","7272"
"20","Gosztola","8978"
"20","Gutorfölde","8951"
"20","Gyenesdiás","8315"
"20","Győrős","8932"
"20","Hagyárosbörönd","8992"
"20","Hahót","8771"
"20","Hernyék","8957"
"20","Hévíz","8380"
"20","Homokbödöge","8563"
"20","Hosszúvíz","8716"
"20","Hosztót","8475"
"20","Iborfia","8984"
"20","Iklódbördőce","8958"
"20","Kacorlak","8773"
"20","Kallósd","8785"
"20","Kálócfa","8988"
"20","Kányavár","8956"
"20","Karmacs","8354"
"20","Kávás","8994"
"20","Kehidakustány","8784"
"20","Kemendollár","8931"
"20","Keménfa","8995"
"20","Kerecseny","8745"
"20","Kerkabarabás","8971"
"20","Kerkafalva","8973"
"20","Kerkakutas","8973"
"20","Kerkaszentkirály","8874"
"20","Kerkateskánd","8879"
"20","Keszthely","8360"
"20","Kilimán","8774"
"20","Kisbucsa","8925"
"20","Kiscsehi","8888"
"20","Kisgörbő","8356"
"20","Kiskutas","8911"
"20","Kispáli","8912"
"20","Kisrécse","8756"
"20","Kissziget","8957"
"20","Kistolmács","8868"
"20","Kisvásárhely","8341"
"20","Korlát","3886"
"20","Kup","8595"
"20","Kustánszeg","8919"
"20","Lakhegy","8913"
"20","Lasztonya","8887"
"20","Lendvadedes","8978"
"20","Lendvajakabfa","8977"
"20","Lenti","8966"
"20","Lenti","8960"
"20","Letenye","8868"
"20","Lickóvadamos","8981"
"20","Ligetfalva","8782"
"20","Lispeszentadorján","8888"
"20","Liszó","8831"
"20","Lothárd","7761"
"20","Magyarföld","8973"
"20","Magyarszentmiklós","8776"
"20","Magyarszerdahely","8776"
"20","Maróc","8888"
"20","Márokföld","8976"
"20","Miháld","8825"
"20","Mihályfa","8341"
"20","Mikekarácsonyfa","8949"
"20","Milejszeg","8917"
"20","Misefa","8935"
"20","Mohora","2698"
"20","Murakeresztúr","8834"
"20","Murarátka","8868"
"20","Muraszemenye","8872"
"20","Nagybakónak","8821"
"20","Nagygörbő","8356"
"20","Nagykanizsa","8831"
"20","Nagykanizsa","8808"
"20","Nagykanizsa","8809"
"20","Nagykanizsa","8800"
"20","Nagykapornak","8935"
"20","Nagykutas","8911"
"20","Nagylengyel","8983"
"20","Nagypáli","8912"
"20","Nagyrada","8746"
"20","Nagyrécse","8756"
"20","Nemesapáti","8923"
"20","Nemesbük","8371"
"20","Nemeshetés","8925"
"20","Nemesnép","8976"
"20","Nemespátró","8856"
"20","Nemesrádó","8915"
"20","Nemessándorháza","8925"
"20","Nemesszentandrás","8925"
"20","Németfalu","8918"
"20","Nőtincs","2610"
"20","Ófalu","7695"
"20","Ölbő","9621"
"20","Oltárc","8886"
"20","Orbányosfa","8935"
"20","Orgovány","6077"
"20","őrhalom","2671"
"20","Ortaháza","8954"
"20","Pacsa","8761"
"20","Padár","8935"
"20","Páka","8956"
"20","Pakod","8799"
"20","Pálfiszeg","8990"
"20","Pat","8825"
"20","Pethőhenye","8921"
"20","Petrikeresztúr","8984"
"20","Petrivente","8866"
"20","Pókaszepetk","8932"
"20","Porpác","9612"
"20","Porva","8429"
"20","Pósfa","9636"
"20","Pötréte","8767"
"20","Potyond","9324"
"20","Püski","9235"
"20","Pusztaapáti","8986"
"20","Pusztaederics","8946"
"20","Pusztamonostor","5125"
"20","Ramocsa","8973"
"20","Rédics","8978"
"20","Resznek","8977"
"20","Rezi","8373"
"20","Rigyác","8883"
"20","Salomvár","8995"
"20","Sand","8824"
"20","Sárhida","8944"
"20","Sármellék","8391"
"20","Semjénháza","8862"
"20","Sénye","8788"
"20","Söréd","8072"
"20","Sóstófalva","3716"
"12","Sülysáp","2241"
"20","Súr","2889"
"20","Szalapa","8341"
"20","Szécsisziget","8879"
"20","Szentgyörgyvár","8393"
"20","Szentgyörgyvölgy","8975"
"20","Szentkozmadombja","8947"
"20","Szentliszló","8893"
"20","Szentmargitfalva","8872"
"20","Szentpéterfölde","8953"
"20","Szentpéterúr","8762"
"20","Szepetnek","8861"
"20","Szijártóháza","8969"
"20","Szilvágy","8986"
"20","Teskánd","8991"
"20","Tilaj","8782"
"20","Tófej","8946"
"20","Tömörd","9738"
"20","Tornabarakony","3765"
"20","Törökbálint","2045"
"20","Törökkoppány","7285"
"20","Tüskevár","8477"
"20","Újudvar","8778"
"20","Valkonya","8885"
"20","Vállus","8316"
"20","Várfölde","8891"
"20","Várvölgy","8316"
"20","Vasboldogasszony","8914"
"20","Vaspör","8998"
"20","Vindornyafok","8354"
"20","Vindornyalak","8353"
"20","Vindornyaszőlős","8355"
"20","Vonyarcvashegy","8314"
"20","Vöckönd","8931"
"20","Zajk","8868"
"20","Zalaapáti","8741"
"20","Zalabaksa","8971"
"20","Zalabér","8798"
"20","Zalaboldogfa","8992"
"20","Zalacsány","8782"
"20","Zalacséb","8996"
"20","Zalaegerszeg","8900"
"20","Zalaháshágy","8997"
"20","Zalaigrice","8761"
"20","Zalaistvánd","8932"
"20","Zalakaros","8749"
"20","Zalakomár","8751"
"20","Zalakomár","8752"
"20","Zalaköveskút","8354"
"20","Zalalövő","8999"
"20","Zalamerenye","8747"
"20","Zalasárszeg","8756"
"20","Zalaszabar","8743"
"20","Zalaszántó","8353"
"20","Zalaszentbalázs","8772"
"20","Zalaszentgrót","8795"
"20","Zalaszentgrót","8793"
"20","Zalaszentgrót","8785"
"20","Zalaszentgrót","8789"
"20","Zalaszentgrót","8790"
"20","Zalaszentgyörgy","8994"
"20","Zalaszentiván","8921"
"20","Zalaszentjakab","8827"
"20","Zalaszentlászló","8788"
"20","Zalaszentlőrinc","8921"
"20","Zalaszentmárton","8764"
"20","Zalaszentmihály","8936"
"20","Zalaszombatfa","8969"
"20","Zalatárnok","8947"
"20","Zalaújlak","8822"
"20","Zalavár","8392"
"20","Zalavég","8792"
"20","Zebecke","8957"
